{"brand_logo_default":"","brand_logo_retina":"","retina_width":"","brand_logo_top":"","brand_logo_bottom":"","brand_logo_wp":"","brand_fav_icon":"","iphone_icon":"","iphone_retina_icon":"","ipad_icon":"","ipad_retina_icon":"","need_theme_preloader":true,"theme_preloader_options":"","theme_page_comments":true,"content_left_link":true,"left_link_title":"","left_link_url":"","content_right_gototop":true,"content_layout_outer_bg":{"image":"","repeat":"","position":"","attachment":"","size":"","color":""},"content_overlay_outer_color":"","content_layout_inner_bg":{"image":"","repeat":"","position":"","attachment":"","size":"","color":""},"content_overlay_inner_color":"","menu_bar":true,"sticky_header":true,"search_icon":true,"cart_widget":true,"login_my_account":true,"mobile_breakpoint":"","title_bar":true,"title_area_layout":"extra-width","title_area_text_color":"","title_area_spacings":"seese-padding-none","title_top_spacings":"","title_bottom_spacings":"","title_area_outer_bg":{"image":"","repeat":"","position":"","attachment":"","size":"","color":""},"title_area_outer_overlay":"","title_area_inner_bg":{"image":"","repeat":"","position":"","attachment":"","size":"","color":""},"title_area_inner_overlay":"","title_area_breadcrumb":true,"footer_top_block":true,"footer_layout_bg":{"image":"","repeat":"","position":"","attachment":"","size":"","color":""},"footer_bg_overlay_color":"","footer_widget_block":true,"footer_widget_layout":"1","need_copyright":true,"footer_copyright_layout":"copyright-1","copyright_text":"","secondary_text":"","typography":[{"title":"Body Typography","selector":"body, .woocommerce .seese_single_product_excerpt p,#tab-description p,.woocommerce-Reviews .description p","font":{"family":"Raleway","variant":"regular","font":"websafe"},"size":"14px","line_height":"1.42857143","css":""},{"title":"Logo Typography","selector":".seese-header .seese-logo a","font":{"family":"Poppins","variant":"regular","font":"google"},"size":"","line_height":"","css":""},{"title":"Menu Typography","selector":".seese-mainmenu ul li a, #seese-mobilemenu .slicknav_nav li a","font":{"family":"Poppins","variant":"500","font":"websafe"},"size":"","line_height":"","css":""},{"title":"Sub Menu Typography","selector":"#seese-mobilemenu .slicknav_nav li a.seese-title-menu,.seese-mainmenu ul li a.seese-title-menu,.seese-mainmenu ul li.seese-megamenu > ul > li > a:link,.seese-mainmenu ul li.seese-megamenu > ul > li > a:active,.seese-mainmenu ul li.seese-megamenu > ul > li > a:visited","font":{"family":"Poppins","variant":"regular","font":"websafe"},"size":"","line_height":"","css":""},{"title":"Headings Typography","selector":".woocommerce .variations label,.woocommerce p.woocommerce-result-count,.seese-single-team .seese-team-member-name,.woocommerce p.stock.out-of-stock,.seese-load-more-controls.seese-btn-mode .seese-btn,.woocommerce .group_table td del .woocommerce-Price-amount,.woocommerce .group_table td.label a,.woocommerce table.shop_table_responsive tr td:before, .woocommerce-page table.shop_table_responsive tr td:before,.seese-single-product-share .container > a,.woocommerce-Tabs-panel .comment_container .meta strong,.seese-product-summary-col .entry-summary ins .woocommerce-Price-amount,h1, h2, h3, h4, h5, h6,.seese-aside h2,.seese-aside .widget_shopping_cart_content .buttons a,.seese-specialPage a,.seese-gototop a,.modal-content input[type=\"search\"],.seese-filterTabs li a,.seese-footer .widget_nav_menu li a,.seese-contentCol h1, .seese-contentCol h2, .seese-contentCol h3, .seese-contentCol h4, .seese-contentCol h5, .seese-contentCol h6,.seese-contentCol .seese-publish li a,.single .seese-article strong,.seese-sharebar .sharebox a,.seese-author .author-content a,.seese-author .author-content label,.seese-commentbox h3.comment-reply-title,.seese-commentbox h3.comments-title,.seese-readmore a,.seese-sidebar h2.widget-title,.seese-team-box .seese-team-info .seese-lift-up .member-name a,.seese-team-box .seese-team-info .seese-lift-up .member-name,.seese-testi-name a,.seese-testi-name,.woocommerce-checkout .checkout_coupon .form-row-last input[type=\"submit\"],.woocommerce-checkout .login input[type=\"submit\"],.woocommerce table strong,.woocommerce table th,.woocommerce-checkout-review-order-table strong,.woocommerce-checkout-review-order-table th,.cart-empty,.woocommerce-message,.woocommerce ul.products li a.added_to_cart.wc-forward,.woocommerce ul.products li a.button,.seese-dropcap,.seese-form-order-filter select,.seese-content-area .seese-result-count p,.page-numbers a,.page-numbers span.current,.wp-pagenavi span.current,.wp-pagenavi a,.seese-product-summary-col .entry-summary .woocommerce-Price-amount.amount","font":{"family":"Poppins","variant":"regular","font":"websafe"},"size":"","line_height":"","css":""},{"title":"Light Heading Typography","selector":".slick-slider .seese-prslr-content .seese-prslr-price,.seese-product-summary-col .product_meta span,.seese-sidebar .seese-recent-blog .boxright label,.seese-sidebar .tagcloud a,.seese-sidebar th,.seese-sidebar td,.seese-testi-name:before,.seese-testi-name:after,.woocommerce textarea,.woocommerce input[type=\"tel\"],.woocommerce input[type=\"text\"],.woocommerce input[type=\"password\"],.woocommerce input[type=\"email\"],.woocommerce input[type=\"url\"],.woocommerce .select2-container .select2-choice,.woocommerce-checkout .checkout_coupon input[type=\"text\"],.woocommerce-checkout .login input[type=\"password\"],.woocommerce-checkout .login input[type=\"text\"],.track_order input[type=\"text\"],.woocommerce-ResetPassword input[type=\"text\"],.seese-containerWrap #seese-woo-register-wrap input[type=\"email\"],.seese-containerWrap #seese-woo-login-wrap input[type=\"url\"],.seese-containerWrap #seese-woo-login-wrap textarea,.seese-containerWrap #seese-woo-login-wrap input[type=\"email\"],.seese-containerWrap #seese-woo-login-wrap input[type=\"search\"],.seese-containerWrap #seese-woo-login-wrap input[type=\"text\"],.seese-containerWrap #seese-woo-login-wrap input[type=\"password\"],.woocommerce-checkout .woocommerce-info,#ship-to-different-address .checkbox,#ship-to-different-address .input-checkbox,.woocommerce-checkout-payment label","font":{"family":"Poppins","variant":"regular","font":"websafe"},"size":"","line_height":"","css":""},{"title":"Semi Bold Heading Typography","selector":".seese-sidebar h2.widget-title a,.up-sells.products h2,.related.products h2,.woocommerce p.cart-empty,#review_form h3.comment-reply-title,.wc-tabs-wrapper .wc-tabs li a,.seese-product-summary-col .quantity input,.seese-contentCol h1.product_title,button,.button,.vc_btn3-container a.vc_general,.seese-blog-pagination a,.seese-btn,input[type=\"submit\"],input[type=\"button\"],.seese-filterOptions h3,.wpcf7-form input[type=\"submit\"],.seese-cntr-box .cntr-value,.seese-cntr-box .cntr-title,.slick-slider .seese-prslr-content .seese-prslr-shopNow-title a","font":{"family":"Poppins","variant":"regular","font":"websafe"},"size":"","line_height":"","css":""},{"title":"Bold Heading Typography","selector":".seese-bottomboxes h4,.seese-contentCol strong,.seese-contentCol h1.post-heading,.seese-title-area .page-title,.track_order h2,.seese-containerWrap #seese-woo-register-wrap h2,.seese-containerWrap #seese-woo-login-wrap h2,.woocommerce-checkout .checkout_coupon input[type=\"submit\"],.woocommerce-checkout .login input[type=\"submit\"],.track_order input[type=\"submit\"],.woocommerce-ResetPassword input[type=\"submit\"],.seese-containerWrap #seese-woo-register-wrap .seese-btn#seese-show-login-button,.seese-containerWrap #seese-woo-register-wrap input[type=\"submit\"],.seese-containerWrap #seese-woo-login-wrap .seese-btn,.seese-containerWrap #seese-woo-login-wrap input[type=\"submit\"],.form-row.place-order input[type=\"submit\"]","font":{"family":"Poppins","variant":"regular","font":"websafe"},"size":"","line_height":"","css":""},{"title":"Shortcode Elements Primary Font","selector":".slick-slider .seese-prslr-content .seese-prslr-title,.woocommerce td, .woocommerce th, .woocommerce-checkout-review-order-table td, .woocommerce-checkout-review-order-table th,.seese-filterOptions li span,.price_slider_amount .price_label,.woocommerce ul.products li.product-category h3,.seese-custom-badge,.seese-product-image-col .onsale,.woocommerce ul.products li span.onsale,.seese-product-summary-col .entry-summary del .woocommerce-Price-amount,.woocommerce div.product .woocommerce-product-rating a,.seese-cat-masonry .seese-cat-masonry-text .seese-cat-masonry-name,.seese-aside .product_list_widget li a,.seese-aside .product_list_widget li .quantity,.seese-aside .widget_shopping_cart_content .total,.seese-aside .widget_shopping_cart_content .total strong,.seese-filterOptions li a,.seese-copyright,.seese-sidebar .comment-publish label,.wpcf7-form select,.wpcf7-form input,.wpcf7-form textarea,input[type=\"date\"],input[type=\"tel\"],input[type=\"number\"],.woocommerce .select2-container .select2-choice,input[type=\"password\"],select,input[type=\"url\"],textarea,input[type=\"email\"],input[type=\"search\"],input[type=\"text\"],.tagbox .taglist a,.seese-pagination a .seese-label,.seese-pagination a .post-name,.breadcrumbs li,.wp-pagenavi span.pages,.seese-sidebar,.seese-sidebar li,.seese-sidebar li a,.seese-sidebar .widget_categories li a,.seese-sidebar .seese-recent-blog .boxright h4 a,.seese-sidebar table,.woocommerce ul.products .seese-product-cnt .price,.woocommerce ul.products .seese-product-cnt h3,.woocommerce p,.woocommerce-checkout .checkout_coupon p,.woocommerce-checkout .login p,.track_order p,.woocommerce-ResetPassword p,.seese-containerWrap #seese-woo-register-wrap form.register p,.seese-containerWrap #seese-woo-login-wrap form.login p,.woocommerce label,.woocommerce-checkout .checkout_coupon label,.woocommerce-checkout .login label,.track_order label,.woocommerce-ResetPassword label,.seese-containerWrap #seese-woo-register-wrap form.register label,.seese-containerWrap #seese-woo-login-wrap form.login label,.seese-containerWrap #seese-woo-login-wrap form.login .woocommerce-LostPassword a,.seese-containerWrap .seese-login-form-divider span,.woocommerce ul.products .seese-product-cnt .price,.woocommerce ul.products .seese-product-cnt h3,.seese-catslr-box .seese-catslr-text .seese-catslr-name,.seese-catdt-box .seese-catdt-text .seese-catdt-name","font":{"family":"Poppins","variant":"regular","font":"websafe"},"size":"","line_height":"","css":""},{"title":"Shortcode Elements Secondary Font","selector":".seese-single-team .seese-team-member-job,.woocommerce-Tabs-panel .comment_container .meta time,.seese-cat-masonry .seese-cat-masonry-text .seese-cat-masonry-desc,.seese-bottomboxes .subtitle,blockquote,.seese-contentCol .seese-publish li,.comment-wrapper .comments-date,.seese-commentbox .date,.comment-wrapper .comments-date .comments-reply a,.seese-sidebar .comment-publish span,.seese-cntr-box .cntr-details,.seese-team-box .seese-team-info .seese-lift-up .member-job,.seese-team-box .seese-team-text em,.seese-testi-pro a,.seese-testi-pro,address,.woocommerce ul.products li .seese-product-cnt .seese-posted-in-cats .seese-single-cat a,.woocommerce ul.products li .seese-product-cnt .seese-posted-in-cats .seese-single-cat a,.slick-slider .seese-prslr-content .seese-prslr-desc,.seese-catslr-box .seese-catslr-text .seese-catslr-desc,.seese-catdt-box .seese-catdt-text .seese-catdt-desc","font":{"family":"Lora","variant":"regular","font":"websafe"},"size":"","line_height":"","css":""},{"title":"Example Usage","selector":".your-custom-class","font":{"family":"Lato","variant":"regular","font":"websafe"},"size":"","line_height":"","css":""}],"subsets":["latin"],"font_weight":["400","400i","500","600"],"team_page_layout":"extra-width","team_spacings":"seese-padding-none","team_top_spacing":"","team_bottom_spacing":"","blog_page_layout":"extra-width","blog_listing_style":"","blog_listing_columns":"","blog_sidebar_position":"","blog_widget":"","blog_pagination_style":"","blog_read_more_option":true,"blog_popup_option":true,"blog_excerpt_length":"55","single_page_layout":"extra-width","single_sidebar_position":"","single_blog_widget":"","single_featured_image":true,"single_popup_option":true,"single_author_info":true,"single_share_option":true,"single_comment_form":true,"woo_page_layout":"extra-width","woo_product_columns":"","woo_sidebar_position":"","woo_widget":"","woo_load_style":"","theme_woo_limit":"","woo_lazy_load":"seese-dload-none","woo_dload_size":"","woo_hover_image":true,"woo_sort_filter":true,"woo_result_count":true,"woo_cat_filter":true,"woo_cat_parent":true,"woo_order_cat":"","woo_orderby_cat":"","woo_single_nav":true,"woo_single_modal":true,"woo_single_share":true,"woo_upsell_limit":"","woo_upsell_columns":"","woo_single_related":true,"woo_related_limit":"","woo_related_load_style":"","woo_related_columns":"","woo_related_slider_nav":true,"woo_related_slider_dots":true,"error_heading":"","error_page_content":"","error_btn_text":"","maintenance_mode_page":"","maintenance_mode_bg":{"image":"","repeat":"","position":"","attachment":"","size":"","color":""},"custom_sidebar":{"1":{"sidebar_name":"Shop Filter Sidebar Widget","sidebar_desc":""}},"theme_custom_css":"","theme_custom_js":"","read_more_text":"","lmore_post_text":"","older_post_text":"","newer_post_text":"","share_text":"","share_on_text":"","comment_singular_text":"","comment_plural_text":"","no_comments_text":"","comment_form_title_text":"","comment_form_reply_to_text":"","comment_field_text":"","name_field_text":"","email_field_text":"","reply_comment_text":"","post_comment_text":"","previous_post":"","next_post":"","previous_comment_text":"","next_comment_text":"","product_share_text":"","product_share_on_text":"","lmore_shop_text":"","older_shop_text":"","newer_shop_text":"","themeforest_username":"","themeforest_api":"","import":"","font_family":"","blog_metas_hide":false,"blog_exclude_categories":false,"single_metas_hide":false,"woo_hide_empty":false,"woo_singlevrl_nav":false,"woo_single_share_hide":false,"woo_single_upsell":false,"woo_related_sl_loop":false,"woo_related_slider_autoplay":false,"enable_maintenance_mode":false}