<?xml version="1.0" encoding="UTF-8" ?>
<!-- This is a WordPress eXtended RSS file generated by WordPress as an export of your site. -->
<!-- It contains information about your site's posts, pages, comments, categories, and other content. -->
<!-- You may use this file to transfer that content from one site to another. -->
<!-- This file is not intended to serve as a complete backup of your site. -->

<!-- To import this information into a WordPress site follow these steps: -->
<!-- 1. Log in to that site as an administrator. -->
<!-- 2. Go to Tools: Import in the WordPress admin panel. -->
<!-- 3. Install the "WordPress" importer from the list. -->
<!-- 4. Activate & Run Importer. -->
<!-- 5. Upload this file using the form provided on that page. -->
<!-- 6. You will first be asked to map the authors in this export file to users -->
<!--    on the site. For each author, you may choose to map to an -->
<!--    existing user on the site or to create a new user. -->
<!-- 7. WordPress will then import each of the posts, pages, comments, categories, etc. -->
<!--    contained in this file into your site. -->

	<!-- generator="WordPress/5.8" created="2021-07-22 02:39" -->
<rss version="2.0"
	xmlns:excerpt="http://wordpress.org/export/1.2/excerpt/"
	xmlns:content="http://purl.org/rss/1.0/modules/content/"
	xmlns:wfw="http://wellformedweb.org/CommentAPI/"
	xmlns:dc="http://purl.org/dc/elements/1.1/"
	xmlns:wp="http://wordpress.org/export/1.2/"
>

<channel>
	<title>Rozer Digital</title>
	<link>http://demo2.roadthemes.com/rozer</link>
	<description>Woocommerce Theme</description>
	<pubDate>Thu, 22 Jul 2021 02:39:43 +0000</pubDate>
	<language>en-US</language>
	<wp:wxr_version>1.2</wp:wxr_version>
	<wp:base_site_url>http://demo2.roadthemes.com/rozer</wp:base_site_url>
	<wp:base_blog_url>http://demo2.roadthemes.com/rozer</wp:base_blog_url>

		<wp:author><wp:author_id>1</wp:author_id><wp:author_login><![CDATA[admin]]></wp:author_login><wp:author_email><![CDATA[demo@gmail.com]]></wp:author_email><wp:author_display_name><![CDATA[admin]]></wp:author_display_name><wp:author_first_name><![CDATA[roadthemes]]></wp:author_first_name><wp:author_last_name><![CDATA[roadthemes]]></wp:author_last_name></wp:author>

				
	<generator>https://wordpress.org/?v=5.8</generator>

<image>
	<url>http://demo2.roadthemes.com/rozer/wp-content/uploads/2020/12/cropped-rozer-32x32.png</url>
	<title>Rozer Digital</title>
	<link>http://demo2.roadthemes.com/rozer</link>
	<width>32</width>
	<height>32</height>
</image> 

		<item>
		<title><![CDATA[Menu Block - Home]]></title>
		<link>http://demo2.roadthemes.com/rozer/rt_custom_block/menu-block-home/</link>
		<pubDate>Mon, 04 Jan 2021 07:46:37 +0000</pubDate>
		<dc:creator><![CDATA[admin]]></dc:creator>
		<guid isPermaLink="false">http://127.0.0.1/wp56/wp_core/?post_type=rt_custom_block&#038;p=668</guid>
		<description></description>
		<content:encoded><![CDATA[<figure><a href="http://demo2.roadthemes.com/rozer/"><img width="330" height="300" src="http://demo2.roadthemes.com/rozer/wp-content/uploads/2021/01/home1.jpg" alt="" loading="lazy" srcset="http://demo2.roadthemes.com/rozer/wp-content/uploads/2021/01/home1.jpg 330w, http://demo2.roadthemes.com/rozer/wp-content/uploads/2021/01/home1-300x273.jpg 300w, http://demo2.roadthemes.com/rozer/wp-content/uploads/2021/01/home1-150x136.jpg 150w" sizes="(max-width: 330px) 100vw, 330px" /></a></figure><p><a href="http://demo2.roadthemes.com/rozer/">Demo 1</a></p>		
			<figure><a href="http://demo2.roadthemes.com/rozer/home-page-02/"><img width="330" height="300" src="http://demo2.roadthemes.com/rozer/wp-content/uploads/2021/01/home2.jpg" alt="" loading="lazy" srcset="http://demo2.roadthemes.com/rozer/wp-content/uploads/2021/01/home2.jpg 330w, http://demo2.roadthemes.com/rozer/wp-content/uploads/2021/01/home2-300x273.jpg 300w, http://demo2.roadthemes.com/rozer/wp-content/uploads/2021/01/home2-150x136.jpg 150w" sizes="(max-width: 330px) 100vw, 330px" /></a></figure><p><a href="http://demo2.roadthemes.com/rozer/home-page-02/">Demo 2</a></p>		
			<figure><a href="http://demo2.roadthemes.com/rozer/home-page-03/"><img width="330" height="300" src="http://demo2.roadthemes.com/rozer/wp-content/uploads/2021/01/home3.jpg" alt="" loading="lazy" srcset="http://demo2.roadthemes.com/rozer/wp-content/uploads/2021/01/home3.jpg 330w, http://demo2.roadthemes.com/rozer/wp-content/uploads/2021/01/home3-300x273.jpg 300w, http://demo2.roadthemes.com/rozer/wp-content/uploads/2021/01/home3-150x136.jpg 150w" sizes="(max-width: 330px) 100vw, 330px" /></a></figure><p><a href="http://demo2.roadthemes.com/rozer/home-page-03/">Demo 3</a></p>		
			<figure><a href="http://demo2.roadthemes.com/rozer/home-page-04/"><img width="330" height="300" src="http://demo2.roadthemes.com/rozer/wp-content/uploads/2021/01/home4.jpg" alt="" loading="lazy" srcset="http://demo2.roadthemes.com/rozer/wp-content/uploads/2021/01/home4.jpg 330w, http://demo2.roadthemes.com/rozer/wp-content/uploads/2021/01/home4-300x273.jpg 300w, http://demo2.roadthemes.com/rozer/wp-content/uploads/2021/01/home4-150x136.jpg 150w" sizes="(max-width: 330px) 100vw, 330px" /></a></figure><p><a href="http://demo2.roadthemes.com/rozer/home-page-04/">Demo 4</a></p>]]></content:encoded>
		<excerpt:encoded><![CDATA[]]></excerpt:encoded>
		<wp:post_id>668</wp:post_id>
		<wp:post_date><![CDATA[2021-01-04 07:46:37]]></wp:post_date>
		<wp:post_date_gmt><![CDATA[2021-01-04 07:46:37]]></wp:post_date_gmt>
		<wp:post_modified><![CDATA[2021-07-21 07:27:36]]></wp:post_modified>
		<wp:post_modified_gmt><![CDATA[2021-07-21 07:27:36]]></wp:post_modified_gmt>
		<wp:comment_status><![CDATA[closed]]></wp:comment_status>
		<wp:ping_status><![CDATA[closed]]></wp:ping_status>
		<wp:post_name><![CDATA[menu-block-home]]></wp:post_name>
		<wp:status><![CDATA[publish]]></wp:status>
		<wp:post_parent>0</wp:post_parent>
		<wp:menu_order>0</wp:menu_order>
		<wp:post_type><![CDATA[rt_custom_block]]></wp:post_type>
		<wp:post_password><![CDATA[]]></wp:post_password>
		<wp:is_sticky>0</wp:is_sticky>
														<wp:postmeta>
		<wp:meta_key><![CDATA[_edit_last]]></wp:meta_key>
		<wp:meta_value><![CDATA[1]]></wp:meta_value>
		</wp:postmeta>
							<wp:postmeta>
		<wp:meta_key><![CDATA[_wp_page_template]]></wp:meta_key>
		<wp:meta_value><![CDATA[default]]></wp:meta_value>
		</wp:postmeta>
							<wp:postmeta>
		<wp:meta_key><![CDATA[_elementor_edit_mode]]></wp:meta_key>
		<wp:meta_value><![CDATA[builder]]></wp:meta_value>
		</wp:postmeta>
							<wp:postmeta>
		<wp:meta_key><![CDATA[_elementor_template_type]]></wp:meta_key>
		<wp:meta_value><![CDATA[wp-post]]></wp:meta_value>
		</wp:postmeta>
							<wp:postmeta>
		<wp:meta_key><![CDATA[_elementor_version]]></wp:meta_key>
		<wp:meta_value><![CDATA[3.3.1]]></wp:meta_value>
		</wp:postmeta>
							<wp:postmeta>
		<wp:meta_key><![CDATA[_elementor_data]]></wp:meta_key>
		<wp:meta_value><![CDATA[[{"id":"44db785","elType":"section","settings":{"structure":"40","layout":"full_width","css_classes":"menu-block-home col-gap-30","margin":{"unit":"px","top":"0","right":0,"bottom":"0","left":0,"isLinked":true},"gap":"no"},"elements":[{"id":"e28eefc","elType":"column","settings":{"_column_size":25,"_inline_size":null,"_inline_size_mobile":50,"_inline_size_tablet":50},"elements":[{"id":"d58b1ab","elType":"widget","settings":{"image":{"url":"http:\/\/demo2.roadthemes.com\/rozer\/wp-content\/uploads\/2021\/01\/home1.jpg","id":3118,"alt":"","source":"library"},"title_text":"Demo 1","description_text":"","link":{"url":"http:\/\/demo2.roadthemes.com\/rozer\/","is_external":"","nofollow":"","custom_attributes":""},"title_size":"p","image_space":{"unit":"px","size":"","sizes":[]},"image_size":{"unit":"%","size":"","sizes":[]},"hover_animation":"float","text_align":"center","title_bottom_space":{"unit":"px","size":0,"sizes":[]}},"elements":[],"widgetType":"image-box"}],"isInner":false},{"id":"deddc4f","elType":"column","settings":{"_column_size":25,"_inline_size":null,"_inline_size_tablet":50,"_inline_size_mobile":50},"elements":[{"id":"85b5d63","elType":"widget","settings":{"image":{"url":"http:\/\/demo2.roadthemes.com\/rozer\/wp-content\/uploads\/2021\/01\/home2.jpg","id":3119,"alt":"","source":"library"},"title_text":"Demo 2","description_text":"","link":{"url":"http:\/\/demo2.roadthemes.com\/rozer\/home-page-02\/","is_external":"","nofollow":"","custom_attributes":""},"title_size":"p","image_space":{"unit":"px","size":"","sizes":[]},"image_size":{"unit":"%","size":"","sizes":[]},"hover_animation":"float","text_align":"center","title_bottom_space":{"unit":"px","size":0,"sizes":[]},"title_typography_typography":"custom"},"elements":[],"widgetType":"image-box"}],"isInner":false},{"id":"a583533","elType":"column","settings":{"_column_size":25,"_inline_size":null,"_inline_size_tablet":50,"_inline_size_mobile":50},"elements":[{"id":"be059df","elType":"widget","settings":{"image":{"url":"http:\/\/demo2.roadthemes.com\/rozer\/wp-content\/uploads\/2021\/01\/home3.jpg","id":3120,"alt":"","source":"library"},"title_text":"Demo 3","description_text":"","link":{"url":"http:\/\/demo2.roadthemes.com\/rozer\/home-page-03\/","is_external":"","nofollow":"","custom_attributes":""},"title_size":"p","image_space":{"unit":"px","size":"","sizes":[]},"image_size":{"unit":"%","size":"","sizes":[]},"hover_animation":"float","text_align":"center","title_bottom_space":{"unit":"px","size":0,"sizes":[]},"title_typography_typography":"custom"},"elements":[],"widgetType":"image-box"}],"isInner":false},{"id":"cd1ef76","elType":"column","settings":{"_column_size":25,"_inline_size":null,"_inline_size_tablet":50,"_inline_size_mobile":50},"elements":[{"id":"e116c4f","elType":"widget","settings":{"image":{"url":"http:\/\/demo2.roadthemes.com\/rozer\/wp-content\/uploads\/2021\/01\/home4.jpg","id":3121,"alt":"","source":"library"},"title_text":"Demo 4","description_text":"","link":{"url":"http:\/\/demo2.roadthemes.com\/rozer\/home-page-04\/","is_external":"","nofollow":"","custom_attributes":""},"title_size":"p","image_space":{"unit":"px","size":"","sizes":[]},"image_size":{"unit":"%","size":"","sizes":[]},"hover_animation":"float","text_align":"center","title_bottom_space":{"unit":"px","size":0,"sizes":[]},"title_typography_typography":"custom"},"elements":[],"widgetType":"image-box"}],"isInner":false}],"isInner":false}]]]></wp:meta_value>
		</wp:postmeta>
							<wp:postmeta>
		<wp:meta_key><![CDATA[inline_featured_image]]></wp:meta_key>
		<wp:meta_value><![CDATA[0]]></wp:meta_value>
		</wp:postmeta>
							<wp:postmeta>
		<wp:meta_key><![CDATA[_elementor_page_assets]]></wp:meta_key>
		<wp:meta_value><![CDATA[a:1:{s:6:"styles";a:4:{i:0;s:12:"e-animations";i:1;s:12:"e-animations";i:2;s:12:"e-animations";i:3;s:12:"e-animations";}}]]></wp:meta_value>
		</wp:postmeta>
							<wp:postmeta>
		<wp:meta_key><![CDATA[_elementor_controls_usage]]></wp:meta_key>
		<wp:meta_value><![CDATA[a:3:{s:9:"image-box";a:3:{s:5:"count";i:4;s:15:"control_percent";i:4;s:8:"controls";a:2:{s:7:"content";a:1:{s:13:"section_image";a:5:{s:5:"image";i:4;s:10:"title_text";i:4;s:16:"description_text";i:4;s:4:"link";i:4;s:10:"title_size";i:4;}}s:5:"style";a:2:{s:19:"section_style_image";a:3:{s:11:"image_space";i:4;s:10:"image_size";i:4;s:15:"hover_animation";i:4;}s:21:"section_style_content";a:3:{s:10:"text_align";i:4;s:18:"title_bottom_space";i:4;s:27:"title_typography_typography";i:3;}}}}s:6:"column";a:3:{s:5:"count";i:4;s:15:"control_percent";i:1;s:8:"controls";a:1:{s:6:"layout";a:1:{s:6:"layout";a:3:{s:12:"_inline_size";i:4;s:19:"_inline_size_mobile";i:4;s:19:"_inline_size_tablet";i:4;}}}}s:7:"section";a:3:{s:5:"count";i:1;s:15:"control_percent";i:1;s:8:"controls";a:2:{s:6:"layout";a:2:{s:17:"section_structure";a:1:{s:9:"structure";i:1;}s:14:"section_layout";a:2:{s:6:"layout";i:1;s:3:"gap";i:1;}}s:8:"advanced";a:1:{s:16:"section_advanced";a:2:{s:11:"css_classes";i:1;s:6:"margin";i:1;}}}}}]]></wp:meta_value>
		</wp:postmeta>
							</item>
				</channel>
</rss>
	