<?xml version="1.0" encoding="UTF-8" ?>
<!-- This is a WordPress eXtended RSS file generated by WordPress as an export of your site. -->
<!-- It contains information about your site's posts, pages, comments, categories, and other content. -->
<!-- You may use this file to transfer that content from one site to another. -->
<!-- This file is not intended to serve as a complete backup of your site. -->

<!-- To import this information into a WordPress site follow these steps: -->
<!-- 1. Log in to that site as an administrator. -->
<!-- 2. Go to Tools: Import in the WordPress admin panel. -->
<!-- 3. Install the "WordPress" importer from the list. -->
<!-- 4. Activate & Run Importer. -->
<!-- 5. Upload this file using the form provided on that page. -->
<!-- 6. You will first be asked to map the authors in this export file to users -->
<!--    on the site. For each author, you may choose to map to an -->
<!--    existing user on the site or to create a new user. -->
<!-- 7. WordPress will then import each of the posts, pages, comments, categories, etc. -->
<!--    contained in this file into your site. -->

	<!-- generator="WordPress/5.8" created="2021-07-22 02:39" -->
<rss version="2.0"
	xmlns:excerpt="http://wordpress.org/export/1.2/excerpt/"
	xmlns:content="http://purl.org/rss/1.0/modules/content/"
	xmlns:wfw="http://wellformedweb.org/CommentAPI/"
	xmlns:dc="http://purl.org/dc/elements/1.1/"
	xmlns:wp="http://wordpress.org/export/1.2/"
>

<channel>
	<title>Rozer Digital</title>
	<link>http://demo2.roadthemes.com/rozer</link>
	<description>Woocommerce Theme</description>
	<pubDate>Thu, 22 Jul 2021 02:39:19 +0000</pubDate>
	<language>en-US</language>
	<wp:wxr_version>1.2</wp:wxr_version>
	<wp:base_site_url>http://demo2.roadthemes.com/rozer</wp:base_site_url>
	<wp:base_blog_url>http://demo2.roadthemes.com/rozer</wp:base_blog_url>

		<wp:author><wp:author_id>1</wp:author_id><wp:author_login><![CDATA[admin]]></wp:author_login><wp:author_email><![CDATA[demo@gmail.com]]></wp:author_email><wp:author_display_name><![CDATA[admin]]></wp:author_display_name><wp:author_first_name><![CDATA[roadthemes]]></wp:author_first_name><wp:author_last_name><![CDATA[roadthemes]]></wp:author_last_name></wp:author>

				
	<generator>https://wordpress.org/?v=5.8</generator>

<image>
	<url>http://demo2.roadthemes.com/rozer/wp-content/uploads/2020/12/cropped-rozer-32x32.png</url>
	<title>Rozer Digital</title>
	<link>http://demo2.roadthemes.com/rozer</link>
	<width>32</width>
	<height>32</height>
</image> 

		<item>
		<title><![CDATA[Order &ndash; March 3, 2021 @ 03:37 AM]]></title>
		<link>http://demo2.roadthemes.com/rozer/?post_type=shop_order&#038;p=2179</link>
		<pubDate>Wed, 03 Mar 2021 03:37:48 +0000</pubDate>
		<dc:creator><![CDATA[admin]]></dc:creator>
		<guid isPermaLink="false">http://127.0.0.1/wp/wp_rozer/?post_type=shop_order&#038;p=2179</guid>
		<description></description>
		<content:encoded><![CDATA[]]></content:encoded>
		<excerpt:encoded><![CDATA[note]]></excerpt:encoded>
		<wp:post_id>2179</wp:post_id>
		<wp:post_date><![CDATA[2021-03-03 03:37:48]]></wp:post_date>
		<wp:post_date_gmt><![CDATA[2021-03-03 03:37:48]]></wp:post_date_gmt>
		<wp:post_modified><![CDATA[2021-03-03 03:37:48]]></wp:post_modified>
		<wp:post_modified_gmt><![CDATA[2021-03-03 03:37:48]]></wp:post_modified_gmt>
		<wp:comment_status><![CDATA[open]]></wp:comment_status>
		<wp:ping_status><![CDATA[closed]]></wp:ping_status>
		<wp:post_name><![CDATA[order-mar-03-2021-0337-am]]></wp:post_name>
		<wp:status><![CDATA[wc-processing]]></wp:status>
		<wp:post_parent>0</wp:post_parent>
		<wp:menu_order>0</wp:menu_order>
		<wp:post_type><![CDATA[shop_order]]></wp:post_type>
		<wp:post_password><![CDATA[wc_order_Ha47DJH6F5SHy]]></wp:post_password>
		<wp:is_sticky>0</wp:is_sticky>
														<wp:postmeta>
		<wp:meta_key><![CDATA[_order_key]]></wp:meta_key>
		<wp:meta_value><![CDATA[wc_order_Ha47DJH6F5SHy]]></wp:meta_value>
		</wp:postmeta>
							<wp:postmeta>
		<wp:meta_key><![CDATA[_customer_user]]></wp:meta_key>
		<wp:meta_value><![CDATA[1]]></wp:meta_value>
		</wp:postmeta>
							<wp:postmeta>
		<wp:meta_key><![CDATA[_payment_method]]></wp:meta_key>
		<wp:meta_value><![CDATA[cod]]></wp:meta_value>
		</wp:postmeta>
							<wp:postmeta>
		<wp:meta_key><![CDATA[_payment_method_title]]></wp:meta_key>
		<wp:meta_value><![CDATA[Cash on delivery]]></wp:meta_value>
		</wp:postmeta>
							<wp:postmeta>
		<wp:meta_key><![CDATA[_customer_ip_address]]></wp:meta_key>
		<wp:meta_value><![CDATA[127.0.0.1]]></wp:meta_value>
		</wp:postmeta>
							<wp:postmeta>
		<wp:meta_key><![CDATA[_customer_user_agent]]></wp:meta_key>
		<wp:meta_value><![CDATA[Mozilla/5.0 (Windows NT 10.0; Win64; x64) AppleWebKit/537.36 (KHTML, like Gecko) Chrome/88.0.4324.190 Safari/537.36]]></wp:meta_value>
		</wp:postmeta>
							<wp:postmeta>
		<wp:meta_key><![CDATA[_created_via]]></wp:meta_key>
		<wp:meta_value><![CDATA[checkout]]></wp:meta_value>
		</wp:postmeta>
							<wp:postmeta>
		<wp:meta_key><![CDATA[_cart_hash]]></wp:meta_key>
		<wp:meta_value><![CDATA[faa9f20998c230df75b933b90b4c7aeb]]></wp:meta_value>
		</wp:postmeta>
							<wp:postmeta>
		<wp:meta_key><![CDATA[_billing_first_name]]></wp:meta_key>
		<wp:meta_value><![CDATA[roadthemes]]></wp:meta_value>
		</wp:postmeta>
							<wp:postmeta>
		<wp:meta_key><![CDATA[_billing_last_name]]></wp:meta_key>
		<wp:meta_value><![CDATA[roadthemes]]></wp:meta_value>
		</wp:postmeta>
							<wp:postmeta>
		<wp:meta_key><![CDATA[_billing_address_1]]></wp:meta_key>
		<wp:meta_value><![CDATA[Newyork]]></wp:meta_value>
		</wp:postmeta>
							<wp:postmeta>
		<wp:meta_key><![CDATA[_billing_city]]></wp:meta_key>
		<wp:meta_value><![CDATA[Newyork]]></wp:meta_value>
		</wp:postmeta>
							<wp:postmeta>
		<wp:meta_key><![CDATA[_billing_state]]></wp:meta_key>
		<wp:meta_value><![CDATA[NY]]></wp:meta_value>
		</wp:postmeta>
							<wp:postmeta>
		<wp:meta_key><![CDATA[_billing_postcode]]></wp:meta_key>
		<wp:meta_value><![CDATA[10001]]></wp:meta_value>
		</wp:postmeta>
							<wp:postmeta>
		<wp:meta_key><![CDATA[_billing_country]]></wp:meta_key>
		<wp:meta_value><![CDATA[US]]></wp:meta_value>
		</wp:postmeta>
							<wp:postmeta>
		<wp:meta_key><![CDATA[_billing_email]]></wp:meta_key>
		<wp:meta_value><![CDATA[roadthemez@gmail.com]]></wp:meta_value>
		</wp:postmeta>
							<wp:postmeta>
		<wp:meta_key><![CDATA[_billing_phone]]></wp:meta_key>
		<wp:meta_value><![CDATA[123456789]]></wp:meta_value>
		</wp:postmeta>
							<wp:postmeta>
		<wp:meta_key><![CDATA[_order_currency]]></wp:meta_key>
		<wp:meta_value><![CDATA[USD]]></wp:meta_value>
		</wp:postmeta>
							<wp:postmeta>
		<wp:meta_key><![CDATA[_cart_discount]]></wp:meta_key>
		<wp:meta_value><![CDATA[0]]></wp:meta_value>
		</wp:postmeta>
							<wp:postmeta>
		<wp:meta_key><![CDATA[_cart_discount_tax]]></wp:meta_key>
		<wp:meta_value><![CDATA[0]]></wp:meta_value>
		</wp:postmeta>
							<wp:postmeta>
		<wp:meta_key><![CDATA[_order_shipping]]></wp:meta_key>
		<wp:meta_value><![CDATA[0.00]]></wp:meta_value>
		</wp:postmeta>
							<wp:postmeta>
		<wp:meta_key><![CDATA[_order_shipping_tax]]></wp:meta_key>
		<wp:meta_value><![CDATA[0]]></wp:meta_value>
		</wp:postmeta>
							<wp:postmeta>
		<wp:meta_key><![CDATA[_order_tax]]></wp:meta_key>
		<wp:meta_value><![CDATA[0]]></wp:meta_value>
		</wp:postmeta>
							<wp:postmeta>
		<wp:meta_key><![CDATA[_order_total]]></wp:meta_key>
		<wp:meta_value><![CDATA[79.00]]></wp:meta_value>
		</wp:postmeta>
							<wp:postmeta>
		<wp:meta_key><![CDATA[_order_version]]></wp:meta_key>
		<wp:meta_value><![CDATA[5.0.0]]></wp:meta_value>
		</wp:postmeta>
							<wp:postmeta>
		<wp:meta_key><![CDATA[_prices_include_tax]]></wp:meta_key>
		<wp:meta_value><![CDATA[no]]></wp:meta_value>
		</wp:postmeta>
							<wp:postmeta>
		<wp:meta_key><![CDATA[_billing_address_index]]></wp:meta_key>
		<wp:meta_value><![CDATA[roadthemes roadthemes  Newyork  Newyork NY 10001 US roadthemez@gmail.com 123456789]]></wp:meta_value>
		</wp:postmeta>
							<wp:postmeta>
		<wp:meta_key><![CDATA[_shipping_address_index]]></wp:meta_key>
		<wp:meta_value><![CDATA[        ]]></wp:meta_value>
		</wp:postmeta>
							<wp:postmeta>
		<wp:meta_key><![CDATA[is_vat_exempt]]></wp:meta_key>
		<wp:meta_value><![CDATA[no]]></wp:meta_value>
		</wp:postmeta>
							<wp:postmeta>
		<wp:meta_key><![CDATA[_download_permissions_granted]]></wp:meta_key>
		<wp:meta_value><![CDATA[yes]]></wp:meta_value>
		</wp:postmeta>
							<wp:postmeta>
		<wp:meta_key><![CDATA[_recorded_sales]]></wp:meta_key>
		<wp:meta_value><![CDATA[yes]]></wp:meta_value>
		</wp:postmeta>
							<wp:postmeta>
		<wp:meta_key><![CDATA[_recorded_coupon_usage_counts]]></wp:meta_key>
		<wp:meta_value><![CDATA[yes]]></wp:meta_value>
		</wp:postmeta>
							<wp:postmeta>
		<wp:meta_key><![CDATA[_order_stock_reduced]]></wp:meta_key>
		<wp:meta_value><![CDATA[yes]]></wp:meta_value>
		</wp:postmeta>
							<wp:postmeta>
		<wp:meta_key><![CDATA[_new_order_email_sent]]></wp:meta_key>
		<wp:meta_value><![CDATA[true]]></wp:meta_value>
		</wp:postmeta>
							<wp:comment>
			<wp:comment_id>29</wp:comment_id>
			<wp:comment_author><![CDATA[WooCommerce]]></wp:comment_author>
			<wp:comment_author_email><![CDATA[woocommerce@127.0.0.1]]></wp:comment_author_email>
			<wp:comment_author_url></wp:comment_author_url>
			<wp:comment_author_IP><![CDATA[]]></wp:comment_author_IP>
			<wp:comment_date><![CDATA[2021-03-03 03:37:49]]></wp:comment_date>
			<wp:comment_date_gmt><![CDATA[2021-03-03 03:37:49]]></wp:comment_date_gmt>
			<wp:comment_content><![CDATA[Stock levels reduced: Duis pulvinar obortis (#23) 999&rarr;998]]></wp:comment_content>
			<wp:comment_approved><![CDATA[1]]></wp:comment_approved>
			<wp:comment_type><![CDATA[order_note]]></wp:comment_type>
			<wp:comment_parent>0</wp:comment_parent>
			<wp:comment_user_id>0</wp:comment_user_id>
							</wp:comment>
					<wp:comment>
			<wp:comment_id>30</wp:comment_id>
			<wp:comment_author><![CDATA[WooCommerce]]></wp:comment_author>
			<wp:comment_author_email><![CDATA[woocommerce@127.0.0.1]]></wp:comment_author_email>
			<wp:comment_author_url></wp:comment_author_url>
			<wp:comment_author_IP><![CDATA[]]></wp:comment_author_IP>
			<wp:comment_date><![CDATA[2021-03-03 03:37:49]]></wp:comment_date>
			<wp:comment_date_gmt><![CDATA[2021-03-03 03:37:49]]></wp:comment_date_gmt>
			<wp:comment_content><![CDATA[Payment to be made upon delivery. Order status changed from Pending payment to Processing.]]></wp:comment_content>
			<wp:comment_approved><![CDATA[1]]></wp:comment_approved>
			<wp:comment_type><![CDATA[order_note]]></wp:comment_type>
			<wp:comment_parent>0</wp:comment_parent>
			<wp:comment_user_id>0</wp:comment_user_id>
							</wp:comment>
					</item>
					<item>
		<title><![CDATA[Order &ndash; March 24, 2021 @ 04:11 AM]]></title>
		<link>http://demo2.roadthemes.com/rozer/?post_type=shop_order&#038;p=2515</link>
		<pubDate>Wed, 24 Mar 2021 04:11:37 +0000</pubDate>
		<dc:creator><![CDATA[admin]]></dc:creator>
		<guid isPermaLink="false">http://127.0.0.1/wp/wp_test/?post_type=shop_order&#038;p=2515</guid>
		<description></description>
		<content:encoded><![CDATA[]]></content:encoded>
		<excerpt:encoded><![CDATA[]]></excerpt:encoded>
		<wp:post_id>2515</wp:post_id>
		<wp:post_date><![CDATA[2021-03-24 04:11:37]]></wp:post_date>
		<wp:post_date_gmt><![CDATA[2021-03-24 04:11:37]]></wp:post_date_gmt>
		<wp:post_modified><![CDATA[2021-03-24 04:11:38]]></wp:post_modified>
		<wp:post_modified_gmt><![CDATA[2021-03-24 04:11:38]]></wp:post_modified_gmt>
		<wp:comment_status><![CDATA[open]]></wp:comment_status>
		<wp:ping_status><![CDATA[closed]]></wp:ping_status>
		<wp:post_name><![CDATA[order-mar-24-2021-0411-am]]></wp:post_name>
		<wp:status><![CDATA[wc-processing]]></wp:status>
		<wp:post_parent>0</wp:post_parent>
		<wp:menu_order>0</wp:menu_order>
		<wp:post_type><![CDATA[shop_order]]></wp:post_type>
		<wp:post_password><![CDATA[wc_order_g84exxoUS03Ur]]></wp:post_password>
		<wp:is_sticky>0</wp:is_sticky>
														<wp:postmeta>
		<wp:meta_key><![CDATA[_order_key]]></wp:meta_key>
		<wp:meta_value><![CDATA[wc_order_g84exxoUS03Ur]]></wp:meta_value>
		</wp:postmeta>
							<wp:postmeta>
		<wp:meta_key><![CDATA[_customer_user]]></wp:meta_key>
		<wp:meta_value><![CDATA[0]]></wp:meta_value>
		</wp:postmeta>
							<wp:postmeta>
		<wp:meta_key><![CDATA[_payment_method]]></wp:meta_key>
		<wp:meta_value><![CDATA[cod]]></wp:meta_value>
		</wp:postmeta>
							<wp:postmeta>
		<wp:meta_key><![CDATA[_payment_method_title]]></wp:meta_key>
		<wp:meta_value><![CDATA[Cash on delivery]]></wp:meta_value>
		</wp:postmeta>
							<wp:postmeta>
		<wp:meta_key><![CDATA[_customer_ip_address]]></wp:meta_key>
		<wp:meta_value><![CDATA[127.0.0.1]]></wp:meta_value>
		</wp:postmeta>
							<wp:postmeta>
		<wp:meta_key><![CDATA[_customer_user_agent]]></wp:meta_key>
		<wp:meta_value><![CDATA[Mozilla/5.0 (Windows NT 10.0; Win64; x64) AppleWebKit/537.36 (KHTML, like Gecko) Chrome/89.0.4389.90 Safari/537.36]]></wp:meta_value>
		</wp:postmeta>
							<wp:postmeta>
		<wp:meta_key><![CDATA[_created_via]]></wp:meta_key>
		<wp:meta_value><![CDATA[checkout]]></wp:meta_value>
		</wp:postmeta>
							<wp:postmeta>
		<wp:meta_key><![CDATA[_cart_hash]]></wp:meta_key>
		<wp:meta_value><![CDATA[74d0d34dc07bec3f40c0ac6e7082d639]]></wp:meta_value>
		</wp:postmeta>
							<wp:postmeta>
		<wp:meta_key><![CDATA[_billing_first_name]]></wp:meta_key>
		<wp:meta_value><![CDATA[test]]></wp:meta_value>
		</wp:postmeta>
							<wp:postmeta>
		<wp:meta_key><![CDATA[_billing_last_name]]></wp:meta_key>
		<wp:meta_value><![CDATA[test]]></wp:meta_value>
		</wp:postmeta>
							<wp:postmeta>
		<wp:meta_key><![CDATA[_billing_company]]></wp:meta_key>
		<wp:meta_value><![CDATA[company]]></wp:meta_value>
		</wp:postmeta>
							<wp:postmeta>
		<wp:meta_key><![CDATA[_billing_address_1]]></wp:meta_key>
		<wp:meta_value><![CDATA[Newyork]]></wp:meta_value>
		</wp:postmeta>
							<wp:postmeta>
		<wp:meta_key><![CDATA[_billing_city]]></wp:meta_key>
		<wp:meta_value><![CDATA[Newyork]]></wp:meta_value>
		</wp:postmeta>
							<wp:postmeta>
		<wp:meta_key><![CDATA[_billing_state]]></wp:meta_key>
		<wp:meta_value><![CDATA[AZ]]></wp:meta_value>
		</wp:postmeta>
							<wp:postmeta>
		<wp:meta_key><![CDATA[_billing_postcode]]></wp:meta_key>
		<wp:meta_value><![CDATA[10001]]></wp:meta_value>
		</wp:postmeta>
							<wp:postmeta>
		<wp:meta_key><![CDATA[_billing_country]]></wp:meta_key>
		<wp:meta_value><![CDATA[US]]></wp:meta_value>
		</wp:postmeta>
							<wp:postmeta>
		<wp:meta_key><![CDATA[_billing_email]]></wp:meta_key>
		<wp:meta_value><![CDATA[demo@gmail.com]]></wp:meta_value>
		</wp:postmeta>
							<wp:postmeta>
		<wp:meta_key><![CDATA[_billing_phone]]></wp:meta_key>
		<wp:meta_value><![CDATA[123456789]]></wp:meta_value>
		</wp:postmeta>
							<wp:postmeta>
		<wp:meta_key><![CDATA[_shipping_first_name]]></wp:meta_key>
		<wp:meta_value><![CDATA[test]]></wp:meta_value>
		</wp:postmeta>
							<wp:postmeta>
		<wp:meta_key><![CDATA[_shipping_last_name]]></wp:meta_key>
		<wp:meta_value><![CDATA[test]]></wp:meta_value>
		</wp:postmeta>
							<wp:postmeta>
		<wp:meta_key><![CDATA[_shipping_company]]></wp:meta_key>
		<wp:meta_value><![CDATA[company]]></wp:meta_value>
		</wp:postmeta>
							<wp:postmeta>
		<wp:meta_key><![CDATA[_shipping_address_1]]></wp:meta_key>
		<wp:meta_value><![CDATA[Newyork]]></wp:meta_value>
		</wp:postmeta>
							<wp:postmeta>
		<wp:meta_key><![CDATA[_shipping_city]]></wp:meta_key>
		<wp:meta_value><![CDATA[Newyork]]></wp:meta_value>
		</wp:postmeta>
							<wp:postmeta>
		<wp:meta_key><![CDATA[_shipping_state]]></wp:meta_key>
		<wp:meta_value><![CDATA[AZ]]></wp:meta_value>
		</wp:postmeta>
							<wp:postmeta>
		<wp:meta_key><![CDATA[_shipping_postcode]]></wp:meta_key>
		<wp:meta_value><![CDATA[10001]]></wp:meta_value>
		</wp:postmeta>
							<wp:postmeta>
		<wp:meta_key><![CDATA[_shipping_country]]></wp:meta_key>
		<wp:meta_value><![CDATA[US]]></wp:meta_value>
		</wp:postmeta>
							<wp:postmeta>
		<wp:meta_key><![CDATA[_order_currency]]></wp:meta_key>
		<wp:meta_value><![CDATA[USD]]></wp:meta_value>
		</wp:postmeta>
							<wp:postmeta>
		<wp:meta_key><![CDATA[_cart_discount]]></wp:meta_key>
		<wp:meta_value><![CDATA[0]]></wp:meta_value>
		</wp:postmeta>
							<wp:postmeta>
		<wp:meta_key><![CDATA[_cart_discount_tax]]></wp:meta_key>
		<wp:meta_value><![CDATA[0]]></wp:meta_value>
		</wp:postmeta>
							<wp:postmeta>
		<wp:meta_key><![CDATA[_order_shipping]]></wp:meta_key>
		<wp:meta_value><![CDATA[0.00]]></wp:meta_value>
		</wp:postmeta>
							<wp:postmeta>
		<wp:meta_key><![CDATA[_order_shipping_tax]]></wp:meta_key>
		<wp:meta_value><![CDATA[0]]></wp:meta_value>
		</wp:postmeta>
							<wp:postmeta>
		<wp:meta_key><![CDATA[_order_tax]]></wp:meta_key>
		<wp:meta_value><![CDATA[0]]></wp:meta_value>
		</wp:postmeta>
							<wp:postmeta>
		<wp:meta_key><![CDATA[_order_total]]></wp:meta_key>
		<wp:meta_value><![CDATA[86.00]]></wp:meta_value>
		</wp:postmeta>
							<wp:postmeta>
		<wp:meta_key><![CDATA[_order_version]]></wp:meta_key>
		<wp:meta_value><![CDATA[5.1.0]]></wp:meta_value>
		</wp:postmeta>
							<wp:postmeta>
		<wp:meta_key><![CDATA[_prices_include_tax]]></wp:meta_key>
		<wp:meta_value><![CDATA[no]]></wp:meta_value>
		</wp:postmeta>
							<wp:postmeta>
		<wp:meta_key><![CDATA[_billing_address_index]]></wp:meta_key>
		<wp:meta_value><![CDATA[test test company Newyork  Newyork AZ 10001 US demo@gmail.com 123456789]]></wp:meta_value>
		</wp:postmeta>
							<wp:postmeta>
		<wp:meta_key><![CDATA[_shipping_address_index]]></wp:meta_key>
		<wp:meta_value><![CDATA[test test company Newyork  Newyork AZ 10001 US]]></wp:meta_value>
		</wp:postmeta>
							<wp:postmeta>
		<wp:meta_key><![CDATA[is_vat_exempt]]></wp:meta_key>
		<wp:meta_value><![CDATA[no]]></wp:meta_value>
		</wp:postmeta>
							<wp:postmeta>
		<wp:meta_key><![CDATA[_download_permissions_granted]]></wp:meta_key>
		<wp:meta_value><![CDATA[yes]]></wp:meta_value>
		</wp:postmeta>
							<wp:postmeta>
		<wp:meta_key><![CDATA[_recorded_sales]]></wp:meta_key>
		<wp:meta_value><![CDATA[yes]]></wp:meta_value>
		</wp:postmeta>
							<wp:postmeta>
		<wp:meta_key><![CDATA[_recorded_coupon_usage_counts]]></wp:meta_key>
		<wp:meta_value><![CDATA[yes]]></wp:meta_value>
		</wp:postmeta>
							<wp:postmeta>
		<wp:meta_key><![CDATA[_order_stock_reduced]]></wp:meta_key>
		<wp:meta_value><![CDATA[yes]]></wp:meta_value>
		</wp:postmeta>
							<wp:postmeta>
		<wp:meta_key><![CDATA[_new_order_email_sent]]></wp:meta_key>
		<wp:meta_value><![CDATA[true]]></wp:meta_value>
		</wp:postmeta>
							<wp:comment>
			<wp:comment_id>31</wp:comment_id>
			<wp:comment_author><![CDATA[WooCommerce]]></wp:comment_author>
			<wp:comment_author_email><![CDATA[woocommerce@127.0.0.1]]></wp:comment_author_email>
			<wp:comment_author_url></wp:comment_author_url>
			<wp:comment_author_IP><![CDATA[]]></wp:comment_author_IP>
			<wp:comment_date><![CDATA[2021-03-24 04:11:38]]></wp:comment_date>
			<wp:comment_date_gmt><![CDATA[2021-03-24 04:11:38]]></wp:comment_date_gmt>
			<wp:comment_content><![CDATA[Stock levels reduced: Nostrum exercitation (#27) 334&rarr;333]]></wp:comment_content>
			<wp:comment_approved><![CDATA[1]]></wp:comment_approved>
			<wp:comment_type><![CDATA[order_note]]></wp:comment_type>
			<wp:comment_parent>0</wp:comment_parent>
			<wp:comment_user_id>0</wp:comment_user_id>
							</wp:comment>
					<wp:comment>
			<wp:comment_id>32</wp:comment_id>
			<wp:comment_author><![CDATA[WooCommerce]]></wp:comment_author>
			<wp:comment_author_email><![CDATA[woocommerce@127.0.0.1]]></wp:comment_author_email>
			<wp:comment_author_url></wp:comment_author_url>
			<wp:comment_author_IP><![CDATA[]]></wp:comment_author_IP>
			<wp:comment_date><![CDATA[2021-03-24 04:11:38]]></wp:comment_date>
			<wp:comment_date_gmt><![CDATA[2021-03-24 04:11:38]]></wp:comment_date_gmt>
			<wp:comment_content><![CDATA[Payment to be made upon delivery. Order status changed from Pending payment to Processing.]]></wp:comment_content>
			<wp:comment_approved><![CDATA[1]]></wp:comment_approved>
			<wp:comment_type><![CDATA[order_note]]></wp:comment_type>
			<wp:comment_parent>0</wp:comment_parent>
			<wp:comment_user_id>0</wp:comment_user_id>
							</wp:comment>
					</item>
					<item>
		<title><![CDATA[Order &ndash; March 24, 2021 @ 07:17 AM]]></title>
		<link>http://demo2.roadthemes.com/rozer/?post_type=shop_order&#038;p=2516</link>
		<pubDate>Wed, 24 Mar 2021 07:17:00 +0000</pubDate>
		<dc:creator><![CDATA[admin]]></dc:creator>
		<guid isPermaLink="false">http://127.0.0.1/wp/wp_test/?post_type=shop_order&#038;p=2516</guid>
		<description></description>
		<content:encoded><![CDATA[]]></content:encoded>
		<excerpt:encoded><![CDATA[]]></excerpt:encoded>
		<wp:post_id>2516</wp:post_id>
		<wp:post_date><![CDATA[2021-03-24 07:17:00]]></wp:post_date>
		<wp:post_date_gmt><![CDATA[2021-03-24 07:17:00]]></wp:post_date_gmt>
		<wp:post_modified><![CDATA[2021-03-24 07:17:01]]></wp:post_modified>
		<wp:post_modified_gmt><![CDATA[2021-03-24 07:17:01]]></wp:post_modified_gmt>
		<wp:comment_status><![CDATA[open]]></wp:comment_status>
		<wp:ping_status><![CDATA[closed]]></wp:ping_status>
		<wp:post_name><![CDATA[order-mar-24-2021-0717-am]]></wp:post_name>
		<wp:status><![CDATA[wc-processing]]></wp:status>
		<wp:post_parent>0</wp:post_parent>
		<wp:menu_order>0</wp:menu_order>
		<wp:post_type><![CDATA[shop_order]]></wp:post_type>
		<wp:post_password><![CDATA[wc_order_kkT1Yyt2xpcIk]]></wp:post_password>
		<wp:is_sticky>0</wp:is_sticky>
														<wp:postmeta>
		<wp:meta_key><![CDATA[_order_key]]></wp:meta_key>
		<wp:meta_value><![CDATA[wc_order_kkT1Yyt2xpcIk]]></wp:meta_value>
		</wp:postmeta>
							<wp:postmeta>
		<wp:meta_key><![CDATA[_customer_user]]></wp:meta_key>
		<wp:meta_value><![CDATA[1]]></wp:meta_value>
		</wp:postmeta>
							<wp:postmeta>
		<wp:meta_key><![CDATA[_payment_method]]></wp:meta_key>
		<wp:meta_value><![CDATA[cod]]></wp:meta_value>
		</wp:postmeta>
							<wp:postmeta>
		<wp:meta_key><![CDATA[_payment_method_title]]></wp:meta_key>
		<wp:meta_value><![CDATA[Cash on delivery]]></wp:meta_value>
		</wp:postmeta>
							<wp:postmeta>
		<wp:meta_key><![CDATA[_customer_ip_address]]></wp:meta_key>
		<wp:meta_value><![CDATA[127.0.0.1]]></wp:meta_value>
		</wp:postmeta>
							<wp:postmeta>
		<wp:meta_key><![CDATA[_customer_user_agent]]></wp:meta_key>
		<wp:meta_value><![CDATA[Mozilla/5.0 (Windows NT 10.0; Win64; x64) AppleWebKit/537.36 (KHTML, like Gecko) Chrome/89.0.4389.90 Safari/537.36]]></wp:meta_value>
		</wp:postmeta>
							<wp:postmeta>
		<wp:meta_key><![CDATA[_created_via]]></wp:meta_key>
		<wp:meta_value><![CDATA[checkout]]></wp:meta_value>
		</wp:postmeta>
							<wp:postmeta>
		<wp:meta_key><![CDATA[_cart_hash]]></wp:meta_key>
		<wp:meta_value><![CDATA[23d75fc22300a5c533c8a02eb0461906]]></wp:meta_value>
		</wp:postmeta>
							<wp:postmeta>
		<wp:meta_key><![CDATA[_billing_first_name]]></wp:meta_key>
		<wp:meta_value><![CDATA[roadthemes]]></wp:meta_value>
		</wp:postmeta>
							<wp:postmeta>
		<wp:meta_key><![CDATA[_billing_last_name]]></wp:meta_key>
		<wp:meta_value><![CDATA[roadthemes]]></wp:meta_value>
		</wp:postmeta>
							<wp:postmeta>
		<wp:meta_key><![CDATA[_billing_address_1]]></wp:meta_key>
		<wp:meta_value><![CDATA[Newyork]]></wp:meta_value>
		</wp:postmeta>
							<wp:postmeta>
		<wp:meta_key><![CDATA[_billing_city]]></wp:meta_key>
		<wp:meta_value><![CDATA[Newyork]]></wp:meta_value>
		</wp:postmeta>
							<wp:postmeta>
		<wp:meta_key><![CDATA[_billing_state]]></wp:meta_key>
		<wp:meta_value><![CDATA[NY]]></wp:meta_value>
		</wp:postmeta>
							<wp:postmeta>
		<wp:meta_key><![CDATA[_billing_postcode]]></wp:meta_key>
		<wp:meta_value><![CDATA[10001]]></wp:meta_value>
		</wp:postmeta>
							<wp:postmeta>
		<wp:meta_key><![CDATA[_billing_country]]></wp:meta_key>
		<wp:meta_value><![CDATA[US]]></wp:meta_value>
		</wp:postmeta>
							<wp:postmeta>
		<wp:meta_key><![CDATA[_billing_email]]></wp:meta_key>
		<wp:meta_value><![CDATA[roadthemez@gmail.com]]></wp:meta_value>
		</wp:postmeta>
							<wp:postmeta>
		<wp:meta_key><![CDATA[_billing_phone]]></wp:meta_key>
		<wp:meta_value><![CDATA[123456789]]></wp:meta_value>
		</wp:postmeta>
							<wp:postmeta>
		<wp:meta_key><![CDATA[_shipping_first_name]]></wp:meta_key>
		<wp:meta_value><![CDATA[roadthemes]]></wp:meta_value>
		</wp:postmeta>
							<wp:postmeta>
		<wp:meta_key><![CDATA[_shipping_last_name]]></wp:meta_key>
		<wp:meta_value><![CDATA[roadthemes]]></wp:meta_value>
		</wp:postmeta>
							<wp:postmeta>
		<wp:meta_key><![CDATA[_shipping_address_1]]></wp:meta_key>
		<wp:meta_value><![CDATA[Newyork]]></wp:meta_value>
		</wp:postmeta>
							<wp:postmeta>
		<wp:meta_key><![CDATA[_shipping_city]]></wp:meta_key>
		<wp:meta_value><![CDATA[Newyork]]></wp:meta_value>
		</wp:postmeta>
							<wp:postmeta>
		<wp:meta_key><![CDATA[_shipping_state]]></wp:meta_key>
		<wp:meta_value><![CDATA[NY]]></wp:meta_value>
		</wp:postmeta>
							<wp:postmeta>
		<wp:meta_key><![CDATA[_shipping_postcode]]></wp:meta_key>
		<wp:meta_value><![CDATA[10001]]></wp:meta_value>
		</wp:postmeta>
							<wp:postmeta>
		<wp:meta_key><![CDATA[_shipping_country]]></wp:meta_key>
		<wp:meta_value><![CDATA[US]]></wp:meta_value>
		</wp:postmeta>
							<wp:postmeta>
		<wp:meta_key><![CDATA[_order_currency]]></wp:meta_key>
		<wp:meta_value><![CDATA[USD]]></wp:meta_value>
		</wp:postmeta>
							<wp:postmeta>
		<wp:meta_key><![CDATA[_cart_discount]]></wp:meta_key>
		<wp:meta_value><![CDATA[0]]></wp:meta_value>
		</wp:postmeta>
							<wp:postmeta>
		<wp:meta_key><![CDATA[_cart_discount_tax]]></wp:meta_key>
		<wp:meta_value><![CDATA[0]]></wp:meta_value>
		</wp:postmeta>
							<wp:postmeta>
		<wp:meta_key><![CDATA[_order_shipping]]></wp:meta_key>
		<wp:meta_value><![CDATA[0.00]]></wp:meta_value>
		</wp:postmeta>
							<wp:postmeta>
		<wp:meta_key><![CDATA[_order_shipping_tax]]></wp:meta_key>
		<wp:meta_value><![CDATA[0]]></wp:meta_value>
		</wp:postmeta>
							<wp:postmeta>
		<wp:meta_key><![CDATA[_order_tax]]></wp:meta_key>
		<wp:meta_value><![CDATA[0]]></wp:meta_value>
		</wp:postmeta>
							<wp:postmeta>
		<wp:meta_key><![CDATA[_order_total]]></wp:meta_key>
		<wp:meta_value><![CDATA[69.00]]></wp:meta_value>
		</wp:postmeta>
							<wp:postmeta>
		<wp:meta_key><![CDATA[_order_version]]></wp:meta_key>
		<wp:meta_value><![CDATA[5.1.0]]></wp:meta_value>
		</wp:postmeta>
							<wp:postmeta>
		<wp:meta_key><![CDATA[_prices_include_tax]]></wp:meta_key>
		<wp:meta_value><![CDATA[no]]></wp:meta_value>
		</wp:postmeta>
							<wp:postmeta>
		<wp:meta_key><![CDATA[_billing_address_index]]></wp:meta_key>
		<wp:meta_value><![CDATA[roadthemes roadthemes  Newyork  Newyork NY 10001 US roadthemez@gmail.com 123456789]]></wp:meta_value>
		</wp:postmeta>
							<wp:postmeta>
		<wp:meta_key><![CDATA[_shipping_address_index]]></wp:meta_key>
		<wp:meta_value><![CDATA[roadthemes roadthemes  Newyork  Newyork NY 10001 US]]></wp:meta_value>
		</wp:postmeta>
							<wp:postmeta>
		<wp:meta_key><![CDATA[is_vat_exempt]]></wp:meta_key>
		<wp:meta_value><![CDATA[no]]></wp:meta_value>
		</wp:postmeta>
							<wp:postmeta>
		<wp:meta_key><![CDATA[_download_permissions_granted]]></wp:meta_key>
		<wp:meta_value><![CDATA[yes]]></wp:meta_value>
		</wp:postmeta>
							<wp:postmeta>
		<wp:meta_key><![CDATA[_recorded_sales]]></wp:meta_key>
		<wp:meta_value><![CDATA[yes]]></wp:meta_value>
		</wp:postmeta>
							<wp:postmeta>
		<wp:meta_key><![CDATA[_recorded_coupon_usage_counts]]></wp:meta_key>
		<wp:meta_value><![CDATA[yes]]></wp:meta_value>
		</wp:postmeta>
							<wp:postmeta>
		<wp:meta_key><![CDATA[_order_stock_reduced]]></wp:meta_key>
		<wp:meta_value><![CDATA[yes]]></wp:meta_value>
		</wp:postmeta>
							<wp:postmeta>
		<wp:meta_key><![CDATA[_new_order_email_sent]]></wp:meta_key>
		<wp:meta_value><![CDATA[true]]></wp:meta_value>
		</wp:postmeta>
							<wp:comment>
			<wp:comment_id>33</wp:comment_id>
			<wp:comment_author><![CDATA[WooCommerce]]></wp:comment_author>
			<wp:comment_author_email><![CDATA[woocommerce@127.0.0.1]]></wp:comment_author_email>
			<wp:comment_author_url></wp:comment_author_url>
			<wp:comment_author_IP><![CDATA[]]></wp:comment_author_IP>
			<wp:comment_date><![CDATA[2021-03-24 07:17:01]]></wp:comment_date>
			<wp:comment_date_gmt><![CDATA[2021-03-24 07:17:01]]></wp:comment_date_gmt>
			<wp:comment_content><![CDATA[Stock levels reduced: Aliquam lobortis (#18) 199&rarr;198]]></wp:comment_content>
			<wp:comment_approved><![CDATA[1]]></wp:comment_approved>
			<wp:comment_type><![CDATA[order_note]]></wp:comment_type>
			<wp:comment_parent>0</wp:comment_parent>
			<wp:comment_user_id>0</wp:comment_user_id>
							</wp:comment>
					<wp:comment>
			<wp:comment_id>34</wp:comment_id>
			<wp:comment_author><![CDATA[WooCommerce]]></wp:comment_author>
			<wp:comment_author_email><![CDATA[woocommerce@127.0.0.1]]></wp:comment_author_email>
			<wp:comment_author_url></wp:comment_author_url>
			<wp:comment_author_IP><![CDATA[]]></wp:comment_author_IP>
			<wp:comment_date><![CDATA[2021-03-24 07:17:01]]></wp:comment_date>
			<wp:comment_date_gmt><![CDATA[2021-03-24 07:17:01]]></wp:comment_date_gmt>
			<wp:comment_content><![CDATA[Payment to be made upon delivery. Order status changed from Pending payment to Processing.]]></wp:comment_content>
			<wp:comment_approved><![CDATA[1]]></wp:comment_approved>
			<wp:comment_type><![CDATA[order_note]]></wp:comment_type>
			<wp:comment_parent>0</wp:comment_parent>
			<wp:comment_user_id>0</wp:comment_user_id>
							</wp:comment>
					</item>
				</channel>
</rss>
	