<?xml version="1.0" encoding="UTF-8" ?>
<!-- This is a WordPress eXtended RSS file generated by WordPress as an export of your site. -->
<!-- It contains information about your site's posts, pages, comments, categories, and other content. -->
<!-- You may use this file to transfer that content from one site to another. -->
<!-- This file is not intended to serve as a complete backup of your site. -->

<!-- To import this information into a WordPress site follow these steps: -->
<!-- 1. Log in to that site as an administrator. -->
<!-- 2. Go to Tools: Import in the WordPress admin panel. -->
<!-- 3. Install the "WordPress" importer from the list. -->
<!-- 4. Activate & Run Importer. -->
<!-- 5. Upload this file using the form provided on that page. -->
<!-- 6. You will first be asked to map the authors in this export file to users -->
<!--    on the site. For each author, you may choose to map to an -->
<!--    existing user on the site or to create a new user. -->
<!-- 7. WordPress will then import each of the posts, pages, comments, categories, etc. -->
<!--    contained in this file into your site. -->

	<!-- generator="WordPress/5.8" created="2021-07-22 02:39" -->
<rss version="2.0"
	xmlns:excerpt="http://wordpress.org/export/1.2/excerpt/"
	xmlns:content="http://purl.org/rss/1.0/modules/content/"
	xmlns:wfw="http://wellformedweb.org/CommentAPI/"
	xmlns:dc="http://purl.org/dc/elements/1.1/"
	xmlns:wp="http://wordpress.org/export/1.2/"
>

<channel>
	<title>Rozer Digital</title>
	<link>http://demo2.roadthemes.com/rozer</link>
	<description>Woocommerce Theme</description>
	<pubDate>Thu, 22 Jul 2021 02:39:28 +0000</pubDate>
	<language>en-US</language>
	<wp:wxr_version>1.2</wp:wxr_version>
	<wp:base_site_url>http://demo2.roadthemes.com/rozer</wp:base_site_url>
	<wp:base_blog_url>http://demo2.roadthemes.com/rozer</wp:base_blog_url>

		<wp:author><wp:author_id>1</wp:author_id><wp:author_login><![CDATA[admin]]></wp:author_login><wp:author_email><![CDATA[demo@gmail.com]]></wp:author_email><wp:author_display_name><![CDATA[admin]]></wp:author_display_name><wp:author_first_name><![CDATA[roadthemes]]></wp:author_first_name><wp:author_last_name><![CDATA[roadthemes]]></wp:author_last_name></wp:author>

				
	<generator>https://wordpress.org/?v=5.8</generator>

<image>
	<url>http://demo2.roadthemes.com/rozer/wp-content/uploads/2020/12/cropped-rozer-32x32.png</url>
	<title>Rozer Digital</title>
	<link>http://demo2.roadthemes.com/rozer</link>
	<width>32</width>
	<height>32</height>
</image> 

	</channel>
</rss>
	