<?xml version="1.0" encoding="UTF-8" ?>
<!-- This is a WordPress eXtended RSS file generated by WordPress as an export of your site. -->
<!-- It contains information about your site's posts, pages, comments, categories, and other content. -->
<!-- You may use this file to transfer that content from one site to another. -->
<!-- This file is not intended to serve as a complete backup of your site. -->

<!-- To import this information into a WordPress site follow these steps: -->
<!-- 1. Log in to that site as an administrator. -->
<!-- 2. Go to Tools: Import in the WordPress admin panel. -->
<!-- 3. Install the "WordPress" importer from the list. -->
<!-- 4. Activate & Run Importer. -->
<!-- 5. Upload this file using the form provided on that page. -->
<!-- 6. You will first be asked to map the authors in this export file to users -->
<!--    on the site. For each author, you may choose to map to an -->
<!--    existing user on the site or to create a new user. -->
<!-- 7. WordPress will then import each of the posts, pages, comments, categories, etc. -->
<!--    contained in this file into your site. -->

	<!-- generator="WordPress/5.8" created="2021-07-22 02:38" -->
<rss version="2.0"
	xmlns:excerpt="http://wordpress.org/export/1.2/excerpt/"
	xmlns:content="http://purl.org/rss/1.0/modules/content/"
	xmlns:wfw="http://wellformedweb.org/CommentAPI/"
	xmlns:dc="http://purl.org/dc/elements/1.1/"
	xmlns:wp="http://wordpress.org/export/1.2/"
>

<channel>
	<title>Rozer Digital</title>
	<link>http://demo2.roadthemes.com/rozer</link>
	<description>Woocommerce Theme</description>
	<pubDate>Thu, 22 Jul 2021 02:38:50 +0000</pubDate>
	<language>en-US</language>
	<wp:wxr_version>1.2</wp:wxr_version>
	<wp:base_site_url>http://demo2.roadthemes.com/rozer</wp:base_site_url>
	<wp:base_blog_url>http://demo2.roadthemes.com/rozer</wp:base_blog_url>

		<wp:author><wp:author_id>1</wp:author_id><wp:author_login><![CDATA[admin]]></wp:author_login><wp:author_email><![CDATA[demo@gmail.com]]></wp:author_email><wp:author_display_name><![CDATA[admin]]></wp:author_display_name><wp:author_first_name><![CDATA[roadthemes]]></wp:author_first_name><wp:author_last_name><![CDATA[roadthemes]]></wp:author_last_name></wp:author>

				
	<generator>https://wordpress.org/?v=5.8</generator>

<image>
	<url>http://demo2.roadthemes.com/rozer/wp-content/uploads/2020/12/cropped-rozer-32x32.png</url>
	<title>Rozer Digital</title>
	<link>http://demo2.roadthemes.com/rozer</link>
	<width>32</width>
	<height>32</height>
</image> 

		<item>
		<title><![CDATA[Default Kit]]></title>
		<link>http://demo2.roadthemes.com/rozer/?elementor_library=default-kit</link>
		<pubDate>Tue, 15 Dec 2020 04:03:55 +0000</pubDate>
		<dc:creator><![CDATA[admin]]></dc:creator>
		<guid isPermaLink="false">http://127.0.0.1/wp56/wp_core/?elementor_library=default-kit</guid>
		<description></description>
		<content:encoded><![CDATA[]]></content:encoded>
		<excerpt:encoded><![CDATA[]]></excerpt:encoded>
		<wp:post_id>6</wp:post_id>
		<wp:post_date><![CDATA[2020-12-15 04:03:55]]></wp:post_date>
		<wp:post_date_gmt><![CDATA[2020-12-15 04:03:55]]></wp:post_date_gmt>
		<wp:post_modified><![CDATA[2021-04-26 09:22:18]]></wp:post_modified>
		<wp:post_modified_gmt><![CDATA[2021-04-26 09:22:18]]></wp:post_modified_gmt>
		<wp:comment_status><![CDATA[closed]]></wp:comment_status>
		<wp:ping_status><![CDATA[closed]]></wp:ping_status>
		<wp:post_name><![CDATA[default-kit]]></wp:post_name>
		<wp:status><![CDATA[publish]]></wp:status>
		<wp:post_parent>0</wp:post_parent>
		<wp:menu_order>0</wp:menu_order>
		<wp:post_type><![CDATA[elementor_library]]></wp:post_type>
		<wp:post_password><![CDATA[]]></wp:post_password>
		<wp:is_sticky>0</wp:is_sticky>
														<wp:postmeta>
		<wp:meta_key><![CDATA[_elementor_edit_mode]]></wp:meta_key>
		<wp:meta_value><![CDATA[builder]]></wp:meta_value>
		</wp:postmeta>
							<wp:postmeta>
		<wp:meta_key><![CDATA[_elementor_template_type]]></wp:meta_key>
		<wp:meta_value><![CDATA[kit]]></wp:meta_value>
		</wp:postmeta>
							<wp:postmeta>
		<wp:meta_key><![CDATA[_elementor_version]]></wp:meta_key>
		<wp:meta_value><![CDATA[3.2.1]]></wp:meta_value>
		</wp:postmeta>
							<wp:postmeta>
		<wp:meta_key><![CDATA[_wp_page_template]]></wp:meta_key>
		<wp:meta_value><![CDATA[default]]></wp:meta_value>
		</wp:postmeta>
							<wp:postmeta>
		<wp:meta_key><![CDATA[_elementor_page_settings]]></wp:meta_key>
		<wp:meta_value><![CDATA[a:15:{s:13:"system_colors";a:4:{i:0;a:3:{s:3:"_id";s:7:"primary";s:5:"title";s:7:"Primary";s:5:"color";s:7:"#6EC1E4";}i:1;a:3:{s:3:"_id";s:9:"secondary";s:5:"title";s:9:"Secondary";s:5:"color";s:7:"#54595F";}i:2;a:3:{s:3:"_id";s:4:"text";s:5:"title";s:4:"Text";s:5:"color";s:7:"#7A7A7A";}i:3;a:3:{s:3:"_id";s:6:"accent";s:5:"title";s:6:"Accent";s:5:"color";s:7:"#61CE70";}}s:13:"custom_colors";a:0:{}s:17:"system_typography";a:4:{i:0;a:3:{s:3:"_id";s:7:"primary";s:5:"title";s:7:"Primary";s:21:"typography_typography";s:6:"custom";}i:1;a:3:{s:3:"_id";s:9:"secondary";s:5:"title";s:9:"Secondary";s:21:"typography_typography";s:6:"custom";}i:2;a:3:{s:3:"_id";s:4:"text";s:5:"title";s:4:"Text";s:21:"typography_typography";s:6:"custom";}i:3;a:4:{s:3:"_id";s:6:"accent";s:5:"title";s:6:"Accent";s:21:"typography_typography";s:6:"custom";s:22:"typography_font_weight";s:3:"500";}}s:17:"custom_typography";a:0:{}s:21:"default_generic_fonts";s:10:"Sans-serif";s:9:"site_name";s:13:"Rozer Digital";s:16:"site_description";s:17:"Woocommerce Theme";s:15:"container_width";a:3:{s:4:"unit";s:2:"px";s:4:"size";s:0:"";s:5:"sizes";a:0:{}}s:21:"space_between_widgets";a:3:{s:4:"unit";s:2:"px";s:4:"size";s:0:"";s:5:"sizes";a:0:{}}s:19:"page_title_selector";s:14:"h1.entry-title";s:11:"viewport_lg";i:992;s:15:"activeItemIndex";i:1;s:15:"viewport_tablet";i:991;s:11:"viewport_md";i:768;s:15:"viewport_mobile";i:767;}]]></wp:meta_value>
		</wp:postmeta>
							<wp:postmeta>
		<wp:meta_key><![CDATA[_elementor_data]]></wp:meta_key>
		<wp:meta_value><![CDATA[[]]]></wp:meta_value>
		</wp:postmeta>
							</item>
					<item>
		<title><![CDATA[post1]]></title>
		<link>http://demo2.roadthemes.com/rozer/?elementor_library=post1</link>
		<pubDate>Tue, 20 Jul 2021 04:01:13 +0000</pubDate>
		<dc:creator><![CDATA[admin]]></dc:creator>
		<guid isPermaLink="false">http://127.0.0.1/wp/wp_rozer2/?elementor_library=post1</guid>
		<description></description>
		<content:encoded><![CDATA[<p><em><strong>Lorem Ipsum</strong> is simply dummy text of the printing and typesetting industry. Lorem Ipsum has been the industry's standard dummy text ever since the 1500s, when an unknown printer took a galley of type and scrambled it to make a type specimen book. It has survived not only five centuries, but also the leap into electronic typesetting, remaining essentially unchanged.</em></p><p><em>It was popularised in the 1960s with the release of Letraset sheets containing Lorem Ipsum passages, and more recently with desktop publishing software like Aldus PageMaker including versions of Lorem Ipsum.</em></p>
<h2 style="position: relative; display: inline-block !important; margin: 0; ">Where does it come from?</h2>
<p>Contrary to popular belief, Lorem Ipsum is not simply random text. It has roots in a piece of classical Latin literature from 45 BC, making it over 2000 years old. Richard McClintock, a Latin professor at Hampden-Sydney College in Virginia, looked up one of the more obscure Latin words, consectetur, from a <u>Lorem Ipsum</u> passage, and going through the cites of the word in classical literature, discovered the undoubtable source. Lorem Ipsum comes from sections 1.10.32 and 1.10.33 of "de Finibus Bonorum et Malorum" (The Extremes of Good and Evil) by Cicero, written in 45 BC. This book is a treatise on the theory of ethics, very popular during the Renaissance. The first line of Lorem Ipsum, "Lorem ipsum dolor sit amet..", comes from a line in section 1.10.32.</p><p>The standard chunk of Lorem Ipsum used since the 1500s is reproduced below for those interested. Sections 1.10.32 and 1.10.33 from "de Finibus Bonorum et Malorum" by Cicero are also reproduced in their exact original form, accompanied by English versions from the 1914 translation by H. Rackham.</p>		
												<img width="1410" height="1034" src="http://roadthemes.com/api/rozer/uploads/2018/04/2.jpg" alt="" loading="lazy" srcset="http://roadthemes.com/api/rozer/uploads/2018/04/2.jpg 1410w,http://roadthemes.com/api/rozer/uploads/2018/04/2-800x587.jpg 800w,http://roadthemes.com/api/rozer/uploads/2018/04/2-300x220.jpg 300w,http://roadthemes.com/api/rozer/uploads/2018/04/2-1024x751.jpg 1024w,http://roadthemes.com/api/rozer/uploads/2018/04/2-768x563.jpg 768w" sizes="(max-width: 1410px) 100vw, 1410px" />														
		<h2 style="position: relative; display: inline-block !important; margin: 0;">Why Do We Use It?</h2><p>It is a long established fact that a reader will be distracted by the readable content of a page when looking at its layout. The point of using Lorem Ipsum is that it has a more-or-less normal distribution of letters, as opposed to using ‘Content here, content here’, making it look like readable English.</p><p>Many desktop publishing packages and web page editors now use Lorem Ipsum as their default model text, and a search for ‘lorem ipsum’ will uncover many web sites still in their infancy. Various versions have evolved over the years, sometimes by accident, sometimes on purpose (injected humour and the like).</p>		
												<img width="1410" height="1034" src="http://roadthemes.com/api/rozer/uploads/2018/04/3.jpg" alt="" loading="lazy" srcset="http://roadthemes.com/api/rozer/uploads/2018/04/3.jpg 1410w,http://roadthemes.com/api/rozer/uploads/2018/04/3-800x587.jpg 800w,http://roadthemes.com/api/rozer/uploads/2018/04/3-300x220.jpg 300w,http://roadthemes.com/api/rozer/uploads/2018/04/3-1024x751.jpg 1024w,http://roadthemes.com/api/rozer/uploads/2018/04/3-768x563.jpg 768w" sizes="(max-width: 1410px) 100vw, 1410px" />]]></content:encoded>
		<excerpt:encoded><![CDATA[]]></excerpt:encoded>
		<wp:post_id>2961</wp:post_id>
		<wp:post_date><![CDATA[2021-07-20 04:01:13]]></wp:post_date>
		<wp:post_date_gmt><![CDATA[2021-07-20 04:01:13]]></wp:post_date_gmt>
		<wp:post_modified><![CDATA[2021-07-20 04:01:13]]></wp:post_modified>
		<wp:post_modified_gmt><![CDATA[2021-07-20 04:01:13]]></wp:post_modified_gmt>
		<wp:comment_status><![CDATA[closed]]></wp:comment_status>
		<wp:ping_status><![CDATA[closed]]></wp:ping_status>
		<wp:post_name><![CDATA[post1]]></wp:post_name>
		<wp:status><![CDATA[publish]]></wp:status>
		<wp:post_parent>0</wp:post_parent>
		<wp:menu_order>0</wp:menu_order>
		<wp:post_type><![CDATA[elementor_library]]></wp:post_type>
		<wp:post_password><![CDATA[]]></wp:post_password>
		<wp:is_sticky>0</wp:is_sticky>
										<category domain="elementor_library_type" nicename="page"><![CDATA[page]]></category>
						<wp:postmeta>
		<wp:meta_key><![CDATA[_elementor_edit_mode]]></wp:meta_key>
		<wp:meta_value><![CDATA[builder]]></wp:meta_value>
		</wp:postmeta>
							<wp:postmeta>
		<wp:meta_key><![CDATA[_elementor_template_type]]></wp:meta_key>
		<wp:meta_value><![CDATA[page]]></wp:meta_value>
		</wp:postmeta>
							<wp:postmeta>
		<wp:meta_key><![CDATA[inline_featured_image]]></wp:meta_key>
		<wp:meta_value><![CDATA[0]]></wp:meta_value>
		</wp:postmeta>
							<wp:postmeta>
		<wp:meta_key><![CDATA[_elementor_version]]></wp:meta_key>
		<wp:meta_value><![CDATA[3.3.0]]></wp:meta_value>
		</wp:postmeta>
							<wp:postmeta>
		<wp:meta_key><![CDATA[_elementor_data]]></wp:meta_key>
		<wp:meta_value><![CDATA[[{"id":"26018fae","elType":"section","settings":{"background_image":{"url":"","id":""},"background_image_tablet":{"url":"","id":""},"background_image_mobile":{"url":"","id":""},"background_video_fallback":{"url":"","id":""},"background_slideshow_gallery":[],"background_hover_image":{"url":"","id":""},"background_hover_image_tablet":{"url":"","id":""},"background_hover_image_mobile":{"url":"","id":""},"background_hover_video_fallback":{"url":"","id":""},"background_hover_slideshow_gallery":[],"background_overlay_image":{"url":"","id":""},"background_overlay_image_tablet":{"url":"","id":""},"background_overlay_image_mobile":{"url":"","id":""},"background_overlay_video_fallback":{"url":"","id":""},"background_overlay_slideshow_gallery":[],"background_overlay_hover_image":{"url":"","id":""},"background_overlay_hover_image_tablet":{"url":"","id":""},"background_overlay_hover_image_mobile":{"url":"","id":""},"background_overlay_hover_video_fallback":{"url":"","id":""},"background_overlay_hover_slideshow_gallery":[]},"elements":[{"id":"223daa47","elType":"column","settings":{"_column_size":100,"background_image":{"url":"","id":""},"background_image_tablet":{"url":"","id":""},"background_image_mobile":{"url":"","id":""},"background_video_fallback":{"url":"","id":""},"background_slideshow_gallery":[],"background_hover_image":{"url":"","id":""},"background_hover_image_tablet":{"url":"","id":""},"background_hover_image_mobile":{"url":"","id":""},"background_hover_video_fallback":{"url":"","id":""},"background_hover_slideshow_gallery":[],"background_overlay_image":{"url":"","id":""},"background_overlay_image_tablet":{"url":"","id":""},"background_overlay_image_mobile":{"url":"","id":""},"background_overlay_video_fallback":{"url":"","id":""},"background_overlay_slideshow_gallery":[],"background_overlay_hover_image":{"url":"","id":""},"background_overlay_hover_image_tablet":{"url":"","id":""},"background_overlay_hover_image_mobile":{"url":"","id":""},"background_overlay_hover_video_fallback":{"url":"","id":""},"background_overlay_hover_slideshow_gallery":[]},"elements":[{"id":"4a5f9c6b","elType":"widget","settings":{"editor":"<p><em><strong>Lorem Ipsum<\/strong> is simply dummy text of the printing and typesetting industry. Lorem Ipsum has been the industry's standard dummy text ever since the 1500s, when an unknown printer took a galley of type and scrambled it to make a type specimen book. It has survived not only five centuries, but also the leap into electronic typesetting, remaining essentially unchanged.<\/em><\/p><p><em>It was popularised in the 1960s with the release of Letraset sheets containing Lorem Ipsum passages, and more recently with desktop publishing software like Aldus PageMaker including versions of Lorem Ipsum.<\/em><\/p>\n<h2 style=\"position: relative; display: inline-block !important; margin: 0; \">Where does it come from?<\/h2>\n<p>Contrary to popular belief, Lorem Ipsum is not simply random text. It has roots in a piece of classical Latin literature from 45 BC, making it over 2000 years old. Richard McClintock, a Latin professor at Hampden-Sydney College in Virginia, looked up one of the more obscure Latin words, consectetur, from a <u>Lorem Ipsum<\/u> passage, and going through the cites of the word in classical literature, discovered the undoubtable source. Lorem Ipsum comes from sections 1.10.32 and 1.10.33 of \"de Finibus Bonorum et Malorum\" (The Extremes of Good and Evil) by Cicero, written in 45 BC. This book is a treatise on the theory of ethics, very popular during the Renaissance. The first line of Lorem Ipsum, \"Lorem ipsum dolor sit amet..\", comes from a line in section 1.10.32.<\/p><p>The standard chunk of Lorem Ipsum used since the 1500s is reproduced below for those interested. Sections 1.10.32 and 1.10.33 from \"de Finibus Bonorum et Malorum\" by Cicero are also reproduced in their exact original form, accompanied by English versions from the 1914 translation by H. Rackham.<\/p>\t\t\n\t\t\t\t\t\t\t\t\t\t\t\t<img width=\"1410\" height=\"1034\" src=\"http:\/\/roadthemes.com\/api\/rozer\/uploads\/2018\/04\/2.jpg\" alt=\"\" loading=\"lazy\" srcset=\"http:\/\/roadthemes.com\/api\/rozer\/uploads\/2018\/04\/2.jpg 1410w,http:\/\/roadthemes.com\/api\/rozer\/uploads\/2018\/04\/2-800x587.jpg 800w,http:\/\/roadthemes.com\/api\/rozer\/uploads\/2018\/04\/2-300x220.jpg 300w,http:\/\/roadthemes.com\/api\/rozer\/uploads\/2018\/04\/2-1024x751.jpg 1024w,http:\/\/roadthemes.com\/api\/rozer\/uploads\/2018\/04\/2-768x563.jpg 768w\" sizes=\"(max-width: 1410px) 100vw, 1410px\" \/>\t\t\t\t\t\t\t\t\t\t\t\t\t\t\n\t\t<h2 style=\"position: relative; display: inline-block !important; margin: 0;\">Why Do We Use It?<\/h2><p>It is a long established fact that a reader will be distracted by the readable content of a page when looking at its layout. The point of using Lorem Ipsum is that it has a more-or-less normal distribution of letters, as opposed to using \u2018Content here, content here\u2019, making it look like readable English.<\/p><p>Many desktop publishing packages and web page editors now use Lorem Ipsum as their default model text, and a search for \u2018lorem ipsum\u2019 will uncover many web sites still in their infancy. Various versions have evolved over the years, sometimes by accident, sometimes on purpose (injected humour and the like).<\/p>\t\t\n\t\t\t\t\t\t\t\t\t\t\t\t<img width=\"1410\" height=\"1034\" src=\"http:\/\/roadthemes.com\/api\/rozer\/uploads\/2018\/04\/3.jpg\" alt=\"\" loading=\"lazy\" srcset=\"http:\/\/roadthemes.com\/api\/rozer\/uploads\/2018\/04\/3.jpg 1410w,http:\/\/roadthemes.com\/api\/rozer\/uploads\/2018\/04\/3-800x587.jpg 800w,http:\/\/roadthemes.com\/api\/rozer\/uploads\/2018\/04\/3-300x220.jpg 300w,http:\/\/roadthemes.com\/api\/rozer\/uploads\/2018\/04\/3-1024x751.jpg 1024w,http:\/\/roadthemes.com\/api\/rozer\/uploads\/2018\/04\/3-768x563.jpg 768w\" sizes=\"(max-width: 1410px) 100vw, 1410px\" \/>","_background_image":{"url":"","id":""},"_background_image_tablet":{"url":"","id":""},"_background_image_mobile":{"url":"","id":""},"_background_video_fallback":{"url":"","id":""},"_background_slideshow_gallery":[],"_background_hover_image":{"url":"","id":""},"_background_hover_image_tablet":{"url":"","id":""},"_background_hover_image_mobile":{"url":"","id":""},"_background_hover_video_fallback":{"url":"","id":""},"_background_hover_slideshow_gallery":[],"_mask_image":{"url":"","id":""}},"elements":[],"widgetType":"text-editor"}],"isInner":false}],"isInner":false}]]]></wp:meta_value>
		</wp:postmeta>
							<wp:postmeta>
		<wp:meta_key><![CDATA[_elementor_page_assets]]></wp:meta_key>
		<wp:meta_value><![CDATA[a:0:{}]]></wp:meta_value>
		</wp:postmeta>
							<wp:postmeta>
		<wp:meta_key><![CDATA[_elementor_controls_usage]]></wp:meta_key>
		<wp:meta_value><![CDATA[a:3:{s:11:"text-editor";a:3:{s:5:"count";i:1;s:15:"control_percent";i:0;s:8:"controls";a:1:{s:7:"content";a:1:{s:14:"section_editor";a:1:{s:6:"editor";i:1;}}}}s:6:"column";a:3:{s:5:"count";i:1;s:15:"control_percent";i:0;s:8:"controls";a:0:{}}s:7:"section";a:3:{s:5:"count";i:1;s:15:"control_percent";i:0;s:8:"controls";a:0:{}}}]]></wp:meta_value>
		</wp:postmeta>
							</item>
				</channel>
</rss>
	