<?xml version="1.0" encoding="UTF-8" ?>
<!-- This is a WordPress eXtended RSS file generated by WordPress as an export of your site. -->
<!-- It contains information about your site's posts, pages, comments, categories, and other content. -->
<!-- You may use this file to transfer that content from one site to another. -->
<!-- This file is not intended to serve as a complete backup of your site. -->

<!-- To import this information into a WordPress site follow these steps: -->
<!-- 1. Log in to that site as an administrator. -->
<!-- 2. Go to Tools: Import in the WordPress admin panel. -->
<!-- 3. Install the "WordPress" importer from the list. -->
<!-- 4. Activate & Run Importer. -->
<!-- 5. Upload this file using the form provided on that page. -->
<!-- 6. You will first be asked to map the authors in this export file to users -->
<!--    on the site. For each author, you may choose to map to an -->
<!--    existing user on the site or to create a new user. -->
<!-- 7. WordPress will then import each of the posts, pages, comments, categories, etc. -->
<!--    contained in this file into your site. -->

	<!-- generator="WordPress/5.8" created="2021-07-22 02:39" -->
<rss version="2.0"
	xmlns:excerpt="http://wordpress.org/export/1.2/excerpt/"
	xmlns:content="http://purl.org/rss/1.0/modules/content/"
	xmlns:wfw="http://wellformedweb.org/CommentAPI/"
	xmlns:dc="http://purl.org/dc/elements/1.1/"
	xmlns:wp="http://wordpress.org/export/1.2/"
>

<channel>
	<title>Rozer Digital</title>
	<link>http://demo2.roadthemes.com/rozer</link>
	<description>Woocommerce Theme</description>
	<pubDate>Thu, 22 Jul 2021 02:39:11 +0000</pubDate>
	<language>en-US</language>
	<wp:wxr_version>1.2</wp:wxr_version>
	<wp:base_site_url>http://demo2.roadthemes.com/rozer</wp:base_site_url>
	<wp:base_blog_url>http://demo2.roadthemes.com/rozer</wp:base_blog_url>

		<wp:author><wp:author_id>1</wp:author_id><wp:author_login><![CDATA[admin]]></wp:author_login><wp:author_email><![CDATA[demo@gmail.com]]></wp:author_email><wp:author_display_name><![CDATA[admin]]></wp:author_display_name><wp:author_first_name><![CDATA[roadthemes]]></wp:author_first_name><wp:author_last_name><![CDATA[roadthemes]]></wp:author_last_name></wp:author>

				
	<generator>https://wordpress.org/?v=5.8</generator>

<image>
	<url>http://demo2.roadthemes.com/rozer/wp-content/uploads/2020/12/cropped-rozer-32x32.png</url>
	<title>Rozer Digital</title>
	<link>http://demo2.roadthemes.com/rozer</link>
	<width>32</width>
	<height>32</height>
</image> 

		<item>
		<title><![CDATA[Hendrerit est untrammelled and when nothing - Blue]]></title>
		<link>http://demo2.roadthemes.com/rozer/product/hendrerit-est-untrammelled-and-when-nothing/?attribute_pa_color=blue</link>
		<pubDate>Mon, 11 Jan 2021 09:53:04 +0000</pubDate>
		<dc:creator><![CDATA[admin]]></dc:creator>
		<guid isPermaLink="false">http://127.0.0.1/wp56/wp_core/?post_type=product_variation&#038;p=1010</guid>
		<description></description>
		<content:encoded><![CDATA[]]></content:encoded>
		<excerpt:encoded><![CDATA[Color: Blue]]></excerpt:encoded>
		<wp:post_id>1010</wp:post_id>
		<wp:post_date><![CDATA[2021-01-11 09:53:04]]></wp:post_date>
		<wp:post_date_gmt><![CDATA[2021-01-11 09:53:04]]></wp:post_date_gmt>
		<wp:post_modified><![CDATA[2021-03-22 09:33:02]]></wp:post_modified>
		<wp:post_modified_gmt><![CDATA[2021-03-22 09:33:02]]></wp:post_modified_gmt>
		<wp:comment_status><![CDATA[closed]]></wp:comment_status>
		<wp:ping_status><![CDATA[closed]]></wp:ping_status>
		<wp:post_name><![CDATA[aliquam-lobortis-blue-2]]></wp:post_name>
		<wp:status><![CDATA[publish]]></wp:status>
		<wp:post_parent>1009</wp:post_parent>
		<wp:menu_order>1</wp:menu_order>
		<wp:post_type><![CDATA[product_variation]]></wp:post_type>
		<wp:post_password><![CDATA[]]></wp:post_password>
		<wp:is_sticky>0</wp:is_sticky>
														<wp:postmeta>
		<wp:meta_key><![CDATA[_variation_description]]></wp:meta_key>
		<wp:meta_value><![CDATA[]]></wp:meta_value>
		</wp:postmeta>
							<wp:postmeta>
		<wp:meta_key><![CDATA[_sku]]></wp:meta_key>
		<wp:meta_value><![CDATA[C-BLUE-1]]></wp:meta_value>
		</wp:postmeta>
							<wp:postmeta>
		<wp:meta_key><![CDATA[_regular_price]]></wp:meta_key>
		<wp:meta_value><![CDATA[60]]></wp:meta_value>
		</wp:postmeta>
							<wp:postmeta>
		<wp:meta_key><![CDATA[total_sales]]></wp:meta_key>
		<wp:meta_value><![CDATA[0]]></wp:meta_value>
		</wp:postmeta>
							<wp:postmeta>
		<wp:meta_key><![CDATA[_tax_status]]></wp:meta_key>
		<wp:meta_value><![CDATA[taxable]]></wp:meta_value>
		</wp:postmeta>
							<wp:postmeta>
		<wp:meta_key><![CDATA[_tax_class]]></wp:meta_key>
		<wp:meta_value><![CDATA[parent]]></wp:meta_value>
		</wp:postmeta>
							<wp:postmeta>
		<wp:meta_key><![CDATA[_manage_stock]]></wp:meta_key>
		<wp:meta_value><![CDATA[yes]]></wp:meta_value>
		</wp:postmeta>
							<wp:postmeta>
		<wp:meta_key><![CDATA[_backorders]]></wp:meta_key>
		<wp:meta_value><![CDATA[no]]></wp:meta_value>
		</wp:postmeta>
							<wp:postmeta>
		<wp:meta_key><![CDATA[_sold_individually]]></wp:meta_key>
		<wp:meta_value><![CDATA[no]]></wp:meta_value>
		</wp:postmeta>
							<wp:postmeta>
		<wp:meta_key><![CDATA[_crosssell_ids]]></wp:meta_key>
		<wp:meta_value><![CDATA[a:4:{i:0;i:24;i:1;i:23;i:2;i:21;i:3;i:20;}]]></wp:meta_value>
		</wp:postmeta>
							<wp:postmeta>
		<wp:meta_key><![CDATA[_virtual]]></wp:meta_key>
		<wp:meta_value><![CDATA[no]]></wp:meta_value>
		</wp:postmeta>
							<wp:postmeta>
		<wp:meta_key><![CDATA[_downloadable]]></wp:meta_key>
		<wp:meta_value><![CDATA[no]]></wp:meta_value>
		</wp:postmeta>
							<wp:postmeta>
		<wp:meta_key><![CDATA[_download_limit]]></wp:meta_key>
		<wp:meta_value><![CDATA[0]]></wp:meta_value>
		</wp:postmeta>
							<wp:postmeta>
		<wp:meta_key><![CDATA[_download_expiry]]></wp:meta_key>
		<wp:meta_value><![CDATA[0]]></wp:meta_value>
		</wp:postmeta>
							<wp:postmeta>
		<wp:meta_key><![CDATA[_stock]]></wp:meta_key>
		<wp:meta_value><![CDATA[49]]></wp:meta_value>
		</wp:postmeta>
							<wp:postmeta>
		<wp:meta_key><![CDATA[_stock_status]]></wp:meta_key>
		<wp:meta_value><![CDATA[instock]]></wp:meta_value>
		</wp:postmeta>
							<wp:postmeta>
		<wp:meta_key><![CDATA[_wc_average_rating]]></wp:meta_key>
		<wp:meta_value><![CDATA[0]]></wp:meta_value>
		</wp:postmeta>
							<wp:postmeta>
		<wp:meta_key><![CDATA[_wc_review_count]]></wp:meta_key>
		<wp:meta_value><![CDATA[0]]></wp:meta_value>
		</wp:postmeta>
							<wp:postmeta>
		<wp:meta_key><![CDATA[attribute_pa_color]]></wp:meta_key>
		<wp:meta_value><![CDATA[blue]]></wp:meta_value>
		</wp:postmeta>
							<wp:postmeta>
		<wp:meta_key><![CDATA[_price]]></wp:meta_key>
		<wp:meta_value><![CDATA[60]]></wp:meta_value>
		</wp:postmeta>
							<wp:postmeta>
		<wp:meta_key><![CDATA[_product_version]]></wp:meta_key>
		<wp:meta_value><![CDATA[5.1.0]]></wp:meta_value>
		</wp:postmeta>
							<wp:postmeta>
		<wp:meta_key><![CDATA[_thumbnail_id]]></wp:meta_key>
		<wp:meta_value><![CDATA[46]]></wp:meta_value>
		</wp:postmeta>
							</item>
					<item>
		<title><![CDATA[Hendrerit est untrammelled and when nothing - Red]]></title>
		<link>http://demo2.roadthemes.com/rozer/product/hendrerit-est-untrammelled-and-when-nothing/?attribute_pa_color=red</link>
		<pubDate>Mon, 11 Jan 2021 09:53:05 +0000</pubDate>
		<dc:creator><![CDATA[admin]]></dc:creator>
		<guid isPermaLink="false">http://127.0.0.1/wp56/wp_core/?post_type=product_variation&#038;p=1011</guid>
		<description></description>
		<content:encoded><![CDATA[]]></content:encoded>
		<excerpt:encoded><![CDATA[Color: Red]]></excerpt:encoded>
		<wp:post_id>1011</wp:post_id>
		<wp:post_date><![CDATA[2021-01-11 09:53:05]]></wp:post_date>
		<wp:post_date_gmt><![CDATA[2021-01-11 09:53:05]]></wp:post_date_gmt>
		<wp:post_modified><![CDATA[2021-03-22 09:33:02]]></wp:post_modified>
		<wp:post_modified_gmt><![CDATA[2021-03-22 09:33:02]]></wp:post_modified_gmt>
		<wp:comment_status><![CDATA[closed]]></wp:comment_status>
		<wp:ping_status><![CDATA[closed]]></wp:ping_status>
		<wp:post_name><![CDATA[aliquam-lobortis-red-2]]></wp:post_name>
		<wp:status><![CDATA[publish]]></wp:status>
		<wp:post_parent>1009</wp:post_parent>
		<wp:menu_order>2</wp:menu_order>
		<wp:post_type><![CDATA[product_variation]]></wp:post_type>
		<wp:post_password><![CDATA[]]></wp:post_password>
		<wp:is_sticky>0</wp:is_sticky>
														<wp:postmeta>
		<wp:meta_key><![CDATA[_variation_description]]></wp:meta_key>
		<wp:meta_value><![CDATA[]]></wp:meta_value>
		</wp:postmeta>
							<wp:postmeta>
		<wp:meta_key><![CDATA[_sku]]></wp:meta_key>
		<wp:meta_value><![CDATA[C-RED-1]]></wp:meta_value>
		</wp:postmeta>
							<wp:postmeta>
		<wp:meta_key><![CDATA[_regular_price]]></wp:meta_key>
		<wp:meta_value><![CDATA[80]]></wp:meta_value>
		</wp:postmeta>
							<wp:postmeta>
		<wp:meta_key><![CDATA[total_sales]]></wp:meta_key>
		<wp:meta_value><![CDATA[0]]></wp:meta_value>
		</wp:postmeta>
							<wp:postmeta>
		<wp:meta_key><![CDATA[_tax_status]]></wp:meta_key>
		<wp:meta_value><![CDATA[taxable]]></wp:meta_value>
		</wp:postmeta>
							<wp:postmeta>
		<wp:meta_key><![CDATA[_tax_class]]></wp:meta_key>
		<wp:meta_value><![CDATA[parent]]></wp:meta_value>
		</wp:postmeta>
							<wp:postmeta>
		<wp:meta_key><![CDATA[_manage_stock]]></wp:meta_key>
		<wp:meta_value><![CDATA[yes]]></wp:meta_value>
		</wp:postmeta>
							<wp:postmeta>
		<wp:meta_key><![CDATA[_backorders]]></wp:meta_key>
		<wp:meta_value><![CDATA[no]]></wp:meta_value>
		</wp:postmeta>
							<wp:postmeta>
		<wp:meta_key><![CDATA[_sold_individually]]></wp:meta_key>
		<wp:meta_value><![CDATA[no]]></wp:meta_value>
		</wp:postmeta>
							<wp:postmeta>
		<wp:meta_key><![CDATA[_crosssell_ids]]></wp:meta_key>
		<wp:meta_value><![CDATA[a:4:{i:0;i:24;i:1;i:23;i:2;i:21;i:3;i:20;}]]></wp:meta_value>
		</wp:postmeta>
							<wp:postmeta>
		<wp:meta_key><![CDATA[_virtual]]></wp:meta_key>
		<wp:meta_value><![CDATA[no]]></wp:meta_value>
		</wp:postmeta>
							<wp:postmeta>
		<wp:meta_key><![CDATA[_downloadable]]></wp:meta_key>
		<wp:meta_value><![CDATA[no]]></wp:meta_value>
		</wp:postmeta>
							<wp:postmeta>
		<wp:meta_key><![CDATA[_download_limit]]></wp:meta_key>
		<wp:meta_value><![CDATA[0]]></wp:meta_value>
		</wp:postmeta>
							<wp:postmeta>
		<wp:meta_key><![CDATA[_download_expiry]]></wp:meta_key>
		<wp:meta_value><![CDATA[0]]></wp:meta_value>
		</wp:postmeta>
							<wp:postmeta>
		<wp:meta_key><![CDATA[_stock]]></wp:meta_key>
		<wp:meta_value><![CDATA[50]]></wp:meta_value>
		</wp:postmeta>
							<wp:postmeta>
		<wp:meta_key><![CDATA[_stock_status]]></wp:meta_key>
		<wp:meta_value><![CDATA[instock]]></wp:meta_value>
		</wp:postmeta>
							<wp:postmeta>
		<wp:meta_key><![CDATA[_wc_average_rating]]></wp:meta_key>
		<wp:meta_value><![CDATA[0]]></wp:meta_value>
		</wp:postmeta>
							<wp:postmeta>
		<wp:meta_key><![CDATA[_wc_review_count]]></wp:meta_key>
		<wp:meta_value><![CDATA[0]]></wp:meta_value>
		</wp:postmeta>
							<wp:postmeta>
		<wp:meta_key><![CDATA[attribute_pa_color]]></wp:meta_key>
		<wp:meta_value><![CDATA[red]]></wp:meta_value>
		</wp:postmeta>
							<wp:postmeta>
		<wp:meta_key><![CDATA[_price]]></wp:meta_key>
		<wp:meta_value><![CDATA[80]]></wp:meta_value>
		</wp:postmeta>
							<wp:postmeta>
		<wp:meta_key><![CDATA[_product_version]]></wp:meta_key>
		<wp:meta_value><![CDATA[5.1.0]]></wp:meta_value>
		</wp:postmeta>
							<wp:postmeta>
		<wp:meta_key><![CDATA[_thumbnail_id]]></wp:meta_key>
		<wp:meta_value><![CDATA[47]]></wp:meta_value>
		</wp:postmeta>
							</item>
					<item>
		<title><![CDATA[Hendrerit est untrammelled and when nothing - Gold]]></title>
		<link>http://demo2.roadthemes.com/rozer/product/hendrerit-est-untrammelled-and-when-nothing/?attribute_pa_color=gold</link>
		<pubDate>Mon, 11 Jan 2021 09:53:05 +0000</pubDate>
		<dc:creator><![CDATA[admin]]></dc:creator>
		<guid isPermaLink="false">http://127.0.0.1/wp56/wp_core/?post_type=product_variation&#038;p=1012</guid>
		<description></description>
		<content:encoded><![CDATA[]]></content:encoded>
		<excerpt:encoded><![CDATA[Color: Gold]]></excerpt:encoded>
		<wp:post_id>1012</wp:post_id>
		<wp:post_date><![CDATA[2021-01-11 09:53:05]]></wp:post_date>
		<wp:post_date_gmt><![CDATA[2021-01-11 09:53:05]]></wp:post_date_gmt>
		<wp:post_modified><![CDATA[2021-03-22 09:33:02]]></wp:post_modified>
		<wp:post_modified_gmt><![CDATA[2021-03-22 09:33:02]]></wp:post_modified_gmt>
		<wp:comment_status><![CDATA[closed]]></wp:comment_status>
		<wp:ping_status><![CDATA[closed]]></wp:ping_status>
		<wp:post_name><![CDATA[aliquam-lobortis-gold-2]]></wp:post_name>
		<wp:status><![CDATA[publish]]></wp:status>
		<wp:post_parent>1009</wp:post_parent>
		<wp:menu_order>3</wp:menu_order>
		<wp:post_type><![CDATA[product_variation]]></wp:post_type>
		<wp:post_password><![CDATA[]]></wp:post_password>
		<wp:is_sticky>0</wp:is_sticky>
														<wp:postmeta>
		<wp:meta_key><![CDATA[_variation_description]]></wp:meta_key>
		<wp:meta_value><![CDATA[]]></wp:meta_value>
		</wp:postmeta>
							<wp:postmeta>
		<wp:meta_key><![CDATA[_sku]]></wp:meta_key>
		<wp:meta_value><![CDATA[C-GOLD-1]]></wp:meta_value>
		</wp:postmeta>
							<wp:postmeta>
		<wp:meta_key><![CDATA[_regular_price]]></wp:meta_key>
		<wp:meta_value><![CDATA[75]]></wp:meta_value>
		</wp:postmeta>
							<wp:postmeta>
		<wp:meta_key><![CDATA[total_sales]]></wp:meta_key>
		<wp:meta_value><![CDATA[0]]></wp:meta_value>
		</wp:postmeta>
							<wp:postmeta>
		<wp:meta_key><![CDATA[_tax_status]]></wp:meta_key>
		<wp:meta_value><![CDATA[taxable]]></wp:meta_value>
		</wp:postmeta>
							<wp:postmeta>
		<wp:meta_key><![CDATA[_tax_class]]></wp:meta_key>
		<wp:meta_value><![CDATA[parent]]></wp:meta_value>
		</wp:postmeta>
							<wp:postmeta>
		<wp:meta_key><![CDATA[_manage_stock]]></wp:meta_key>
		<wp:meta_value><![CDATA[yes]]></wp:meta_value>
		</wp:postmeta>
							<wp:postmeta>
		<wp:meta_key><![CDATA[_backorders]]></wp:meta_key>
		<wp:meta_value><![CDATA[no]]></wp:meta_value>
		</wp:postmeta>
							<wp:postmeta>
		<wp:meta_key><![CDATA[_sold_individually]]></wp:meta_key>
		<wp:meta_value><![CDATA[no]]></wp:meta_value>
		</wp:postmeta>
							<wp:postmeta>
		<wp:meta_key><![CDATA[_crosssell_ids]]></wp:meta_key>
		<wp:meta_value><![CDATA[a:4:{i:0;i:24;i:1;i:23;i:2;i:21;i:3;i:20;}]]></wp:meta_value>
		</wp:postmeta>
							<wp:postmeta>
		<wp:meta_key><![CDATA[_virtual]]></wp:meta_key>
		<wp:meta_value><![CDATA[no]]></wp:meta_value>
		</wp:postmeta>
							<wp:postmeta>
		<wp:meta_key><![CDATA[_downloadable]]></wp:meta_key>
		<wp:meta_value><![CDATA[no]]></wp:meta_value>
		</wp:postmeta>
							<wp:postmeta>
		<wp:meta_key><![CDATA[_download_limit]]></wp:meta_key>
		<wp:meta_value><![CDATA[0]]></wp:meta_value>
		</wp:postmeta>
							<wp:postmeta>
		<wp:meta_key><![CDATA[_download_expiry]]></wp:meta_key>
		<wp:meta_value><![CDATA[0]]></wp:meta_value>
		</wp:postmeta>
							<wp:postmeta>
		<wp:meta_key><![CDATA[_stock]]></wp:meta_key>
		<wp:meta_value><![CDATA[50]]></wp:meta_value>
		</wp:postmeta>
							<wp:postmeta>
		<wp:meta_key><![CDATA[_stock_status]]></wp:meta_key>
		<wp:meta_value><![CDATA[instock]]></wp:meta_value>
		</wp:postmeta>
							<wp:postmeta>
		<wp:meta_key><![CDATA[_wc_average_rating]]></wp:meta_key>
		<wp:meta_value><![CDATA[0]]></wp:meta_value>
		</wp:postmeta>
							<wp:postmeta>
		<wp:meta_key><![CDATA[_wc_review_count]]></wp:meta_key>
		<wp:meta_value><![CDATA[0]]></wp:meta_value>
		</wp:postmeta>
							<wp:postmeta>
		<wp:meta_key><![CDATA[attribute_pa_color]]></wp:meta_key>
		<wp:meta_value><![CDATA[gold]]></wp:meta_value>
		</wp:postmeta>
							<wp:postmeta>
		<wp:meta_key><![CDATA[_price]]></wp:meta_key>
		<wp:meta_value><![CDATA[75]]></wp:meta_value>
		</wp:postmeta>
							<wp:postmeta>
		<wp:meta_key><![CDATA[_product_version]]></wp:meta_key>
		<wp:meta_value><![CDATA[5.1.0]]></wp:meta_value>
		</wp:postmeta>
							<wp:postmeta>
		<wp:meta_key><![CDATA[_thumbnail_id]]></wp:meta_key>
		<wp:meta_value><![CDATA[45]]></wp:meta_value>
		</wp:postmeta>
							</item>
					<item>
		<title><![CDATA[Apien libero hendrerit occasionally circumstances - Black]]></title>
		<link>http://demo2.roadthemes.com/rozer/product/apien-libero-hendrerit-occasionally-circumstances/?attribute_pa_color=black</link>
		<pubDate>Fri, 16 Apr 2021 09:24:20 +0000</pubDate>
		<dc:creator><![CDATA[admin]]></dc:creator>
		<guid isPermaLink="false">http://127.0.0.1/wp/wp_test/?post_type=product_variation&#038;p=2800</guid>
		<description></description>
		<content:encoded><![CDATA[]]></content:encoded>
		<excerpt:encoded><![CDATA[Color: Black]]></excerpt:encoded>
		<wp:post_id>2800</wp:post_id>
		<wp:post_date><![CDATA[2021-04-16 09:24:20]]></wp:post_date>
		<wp:post_date_gmt><![CDATA[2021-04-16 09:24:20]]></wp:post_date_gmt>
		<wp:post_modified><![CDATA[2021-04-16 09:28:09]]></wp:post_modified>
		<wp:post_modified_gmt><![CDATA[2021-04-16 09:28:09]]></wp:post_modified_gmt>
		<wp:comment_status><![CDATA[closed]]></wp:comment_status>
		<wp:ping_status><![CDATA[closed]]></wp:ping_status>
		<wp:post_name><![CDATA[apien-libero-hendrerit]]></wp:post_name>
		<wp:status><![CDATA[publish]]></wp:status>
		<wp:post_parent>1017</wp:post_parent>
		<wp:menu_order>2</wp:menu_order>
		<wp:post_type><![CDATA[product_variation]]></wp:post_type>
		<wp:post_password><![CDATA[]]></wp:post_password>
		<wp:is_sticky>0</wp:is_sticky>
														<wp:postmeta>
		<wp:meta_key><![CDATA[_variation_description]]></wp:meta_key>
		<wp:meta_value><![CDATA[]]></wp:meta_value>
		</wp:postmeta>
							<wp:postmeta>
		<wp:meta_key><![CDATA[total_sales]]></wp:meta_key>
		<wp:meta_value><![CDATA[0]]></wp:meta_value>
		</wp:postmeta>
							<wp:postmeta>
		<wp:meta_key><![CDATA[_tax_status]]></wp:meta_key>
		<wp:meta_value><![CDATA[taxable]]></wp:meta_value>
		</wp:postmeta>
							<wp:postmeta>
		<wp:meta_key><![CDATA[_tax_class]]></wp:meta_key>
		<wp:meta_value><![CDATA[parent]]></wp:meta_value>
		</wp:postmeta>
							<wp:postmeta>
		<wp:meta_key><![CDATA[_manage_stock]]></wp:meta_key>
		<wp:meta_value><![CDATA[no]]></wp:meta_value>
		</wp:postmeta>
							<wp:postmeta>
		<wp:meta_key><![CDATA[_backorders]]></wp:meta_key>
		<wp:meta_value><![CDATA[no]]></wp:meta_value>
		</wp:postmeta>
							<wp:postmeta>
		<wp:meta_key><![CDATA[_sold_individually]]></wp:meta_key>
		<wp:meta_value><![CDATA[no]]></wp:meta_value>
		</wp:postmeta>
							<wp:postmeta>
		<wp:meta_key><![CDATA[_virtual]]></wp:meta_key>
		<wp:meta_value><![CDATA[no]]></wp:meta_value>
		</wp:postmeta>
							<wp:postmeta>
		<wp:meta_key><![CDATA[_downloadable]]></wp:meta_key>
		<wp:meta_value><![CDATA[no]]></wp:meta_value>
		</wp:postmeta>
							<wp:postmeta>
		<wp:meta_key><![CDATA[_download_limit]]></wp:meta_key>
		<wp:meta_value><![CDATA[-1]]></wp:meta_value>
		</wp:postmeta>
							<wp:postmeta>
		<wp:meta_key><![CDATA[_download_expiry]]></wp:meta_key>
		<wp:meta_value><![CDATA[-1]]></wp:meta_value>
		</wp:postmeta>
							<wp:postmeta>
		<wp:meta_key><![CDATA[_stock]]></wp:meta_key>
		<wp:meta_value><![CDATA[0]]></wp:meta_value>
		</wp:postmeta>
							<wp:postmeta>
		<wp:meta_key><![CDATA[_stock_status]]></wp:meta_key>
		<wp:meta_value><![CDATA[instock]]></wp:meta_value>
		</wp:postmeta>
							<wp:postmeta>
		<wp:meta_key><![CDATA[_wc_average_rating]]></wp:meta_key>
		<wp:meta_value><![CDATA[0]]></wp:meta_value>
		</wp:postmeta>
							<wp:postmeta>
		<wp:meta_key><![CDATA[_wc_review_count]]></wp:meta_key>
		<wp:meta_value><![CDATA[0]]></wp:meta_value>
		</wp:postmeta>
							<wp:postmeta>
		<wp:meta_key><![CDATA[attribute_pa_color]]></wp:meta_key>
		<wp:meta_value><![CDATA[black]]></wp:meta_value>
		</wp:postmeta>
							<wp:postmeta>
		<wp:meta_key><![CDATA[attribute_pa_size]]></wp:meta_key>
		<wp:meta_value><![CDATA[]]></wp:meta_value>
		</wp:postmeta>
							<wp:postmeta>
		<wp:meta_key><![CDATA[_product_version]]></wp:meta_key>
		<wp:meta_value><![CDATA[5.2.0]]></wp:meta_value>
		</wp:postmeta>
							<wp:postmeta>
		<wp:meta_key><![CDATA[_regular_price]]></wp:meta_key>
		<wp:meta_value><![CDATA[60]]></wp:meta_value>
		</wp:postmeta>
							<wp:postmeta>
		<wp:meta_key><![CDATA[_crosssell_ids]]></wp:meta_key>
		<wp:meta_value><![CDATA[a:4:{i:0;i:24;i:1;i:23;i:2;i:21;i:3;i:20;}]]></wp:meta_value>
		</wp:postmeta>
							<wp:postmeta>
		<wp:meta_key><![CDATA[_thumbnail_id]]></wp:meta_key>
		<wp:meta_value><![CDATA[2796]]></wp:meta_value>
		</wp:postmeta>
							<wp:postmeta>
		<wp:meta_key><![CDATA[_price]]></wp:meta_key>
		<wp:meta_value><![CDATA[60]]></wp:meta_value>
		</wp:postmeta>
							<wp:postmeta>
		<wp:meta_key><![CDATA[rt_images]]></wp:meta_key>
		<wp:meta_value><![CDATA[a:3:{i:0;s:4:"2797";i:1;s:4:"2798";i:2;s:4:"2799";}]]></wp:meta_value>
		</wp:postmeta>
							</item>
					<item>
		<title><![CDATA[Apien libero hendrerit occasionally circumstances - Gray]]></title>
		<link>http://demo2.roadthemes.com/rozer/product/apien-libero-hendrerit-occasionally-circumstances/?attribute_pa_color=gray</link>
		<pubDate>Fri, 16 Apr 2021 09:24:24 +0000</pubDate>
		<dc:creator><![CDATA[admin]]></dc:creator>
		<guid isPermaLink="false">http://127.0.0.1/wp/wp_test/?post_type=product_variation&#038;p=2801</guid>
		<description></description>
		<content:encoded><![CDATA[]]></content:encoded>
		<excerpt:encoded><![CDATA[Color: Gray]]></excerpt:encoded>
		<wp:post_id>2801</wp:post_id>
		<wp:post_date><![CDATA[2021-04-16 09:24:24]]></wp:post_date>
		<wp:post_date_gmt><![CDATA[2021-04-16 09:24:24]]></wp:post_date_gmt>
		<wp:post_modified><![CDATA[2021-04-16 09:28:09]]></wp:post_modified>
		<wp:post_modified_gmt><![CDATA[2021-04-16 09:28:09]]></wp:post_modified_gmt>
		<wp:comment_status><![CDATA[closed]]></wp:comment_status>
		<wp:ping_status><![CDATA[closed]]></wp:ping_status>
		<wp:post_name><![CDATA[apien-libero-hendrerit-2]]></wp:post_name>
		<wp:status><![CDATA[publish]]></wp:status>
		<wp:post_parent>1017</wp:post_parent>
		<wp:menu_order>3</wp:menu_order>
		<wp:post_type><![CDATA[product_variation]]></wp:post_type>
		<wp:post_password><![CDATA[]]></wp:post_password>
		<wp:is_sticky>0</wp:is_sticky>
														<wp:postmeta>
		<wp:meta_key><![CDATA[_variation_description]]></wp:meta_key>
		<wp:meta_value><![CDATA[]]></wp:meta_value>
		</wp:postmeta>
							<wp:postmeta>
		<wp:meta_key><![CDATA[total_sales]]></wp:meta_key>
		<wp:meta_value><![CDATA[0]]></wp:meta_value>
		</wp:postmeta>
							<wp:postmeta>
		<wp:meta_key><![CDATA[_tax_status]]></wp:meta_key>
		<wp:meta_value><![CDATA[taxable]]></wp:meta_value>
		</wp:postmeta>
							<wp:postmeta>
		<wp:meta_key><![CDATA[_tax_class]]></wp:meta_key>
		<wp:meta_value><![CDATA[parent]]></wp:meta_value>
		</wp:postmeta>
							<wp:postmeta>
		<wp:meta_key><![CDATA[_manage_stock]]></wp:meta_key>
		<wp:meta_value><![CDATA[no]]></wp:meta_value>
		</wp:postmeta>
							<wp:postmeta>
		<wp:meta_key><![CDATA[_backorders]]></wp:meta_key>
		<wp:meta_value><![CDATA[no]]></wp:meta_value>
		</wp:postmeta>
							<wp:postmeta>
		<wp:meta_key><![CDATA[_sold_individually]]></wp:meta_key>
		<wp:meta_value><![CDATA[no]]></wp:meta_value>
		</wp:postmeta>
							<wp:postmeta>
		<wp:meta_key><![CDATA[_virtual]]></wp:meta_key>
		<wp:meta_value><![CDATA[no]]></wp:meta_value>
		</wp:postmeta>
							<wp:postmeta>
		<wp:meta_key><![CDATA[_downloadable]]></wp:meta_key>
		<wp:meta_value><![CDATA[no]]></wp:meta_value>
		</wp:postmeta>
							<wp:postmeta>
		<wp:meta_key><![CDATA[_download_limit]]></wp:meta_key>
		<wp:meta_value><![CDATA[-1]]></wp:meta_value>
		</wp:postmeta>
							<wp:postmeta>
		<wp:meta_key><![CDATA[_download_expiry]]></wp:meta_key>
		<wp:meta_value><![CDATA[-1]]></wp:meta_value>
		</wp:postmeta>
							<wp:postmeta>
		<wp:meta_key><![CDATA[_stock]]></wp:meta_key>
		<wp:meta_value><![CDATA[0]]></wp:meta_value>
		</wp:postmeta>
							<wp:postmeta>
		<wp:meta_key><![CDATA[_stock_status]]></wp:meta_key>
		<wp:meta_value><![CDATA[instock]]></wp:meta_value>
		</wp:postmeta>
							<wp:postmeta>
		<wp:meta_key><![CDATA[_wc_average_rating]]></wp:meta_key>
		<wp:meta_value><![CDATA[0]]></wp:meta_value>
		</wp:postmeta>
							<wp:postmeta>
		<wp:meta_key><![CDATA[_wc_review_count]]></wp:meta_key>
		<wp:meta_value><![CDATA[0]]></wp:meta_value>
		</wp:postmeta>
							<wp:postmeta>
		<wp:meta_key><![CDATA[attribute_pa_color]]></wp:meta_key>
		<wp:meta_value><![CDATA[gray]]></wp:meta_value>
		</wp:postmeta>
							<wp:postmeta>
		<wp:meta_key><![CDATA[attribute_pa_size]]></wp:meta_key>
		<wp:meta_value><![CDATA[]]></wp:meta_value>
		</wp:postmeta>
							<wp:postmeta>
		<wp:meta_key><![CDATA[_product_version]]></wp:meta_key>
		<wp:meta_value><![CDATA[5.2.0]]></wp:meta_value>
		</wp:postmeta>
							<wp:postmeta>
		<wp:meta_key><![CDATA[_regular_price]]></wp:meta_key>
		<wp:meta_value><![CDATA[80]]></wp:meta_value>
		</wp:postmeta>
							<wp:postmeta>
		<wp:meta_key><![CDATA[_sale_price]]></wp:meta_key>
		<wp:meta_value><![CDATA[65]]></wp:meta_value>
		</wp:postmeta>
							<wp:postmeta>
		<wp:meta_key><![CDATA[_sale_price_dates_from]]></wp:meta_key>
		<wp:meta_value><![CDATA[1618531200]]></wp:meta_value>
		</wp:postmeta>
							<wp:postmeta>
		<wp:meta_key><![CDATA[_sale_price_dates_to]]></wp:meta_key>
		<wp:meta_value><![CDATA[1773273599]]></wp:meta_value>
		</wp:postmeta>
							<wp:postmeta>
		<wp:meta_key><![CDATA[_crosssell_ids]]></wp:meta_key>
		<wp:meta_value><![CDATA[a:4:{i:0;i:24;i:1;i:23;i:2;i:21;i:3;i:20;}]]></wp:meta_value>
		</wp:postmeta>
							<wp:postmeta>
		<wp:meta_key><![CDATA[_thumbnail_id]]></wp:meta_key>
		<wp:meta_value><![CDATA[2792]]></wp:meta_value>
		</wp:postmeta>
							<wp:postmeta>
		<wp:meta_key><![CDATA[_price]]></wp:meta_key>
		<wp:meta_value><![CDATA[65]]></wp:meta_value>
		</wp:postmeta>
							<wp:postmeta>
		<wp:meta_key><![CDATA[rt_images]]></wp:meta_key>
		<wp:meta_value><![CDATA[a:3:{i:0;s:4:"2793";i:1;s:4:"2794";i:2;s:4:"2795";}]]></wp:meta_value>
		</wp:postmeta>
							</item>
					<item>
		<title><![CDATA[Apien libero hendrerit occasionally circumstances - White]]></title>
		<link>http://demo2.roadthemes.com/rozer/product/apien-libero-hendrerit-occasionally-circumstances/?attribute_pa_color=white</link>
		<pubDate>Fri, 16 Apr 2021 09:24:26 +0000</pubDate>
		<dc:creator><![CDATA[admin]]></dc:creator>
		<guid isPermaLink="false">http://127.0.0.1/wp/wp_test/?post_type=product_variation&#038;p=2802</guid>
		<description></description>
		<content:encoded><![CDATA[]]></content:encoded>
		<excerpt:encoded><![CDATA[Color: White]]></excerpt:encoded>
		<wp:post_id>2802</wp:post_id>
		<wp:post_date><![CDATA[2021-04-16 09:24:26]]></wp:post_date>
		<wp:post_date_gmt><![CDATA[2021-04-16 09:24:26]]></wp:post_date_gmt>
		<wp:post_modified><![CDATA[2021-04-16 09:28:09]]></wp:post_modified>
		<wp:post_modified_gmt><![CDATA[2021-04-16 09:28:09]]></wp:post_modified_gmt>
		<wp:comment_status><![CDATA[closed]]></wp:comment_status>
		<wp:ping_status><![CDATA[closed]]></wp:ping_status>
		<wp:post_name><![CDATA[apien-libero-hendrerit-3]]></wp:post_name>
		<wp:status><![CDATA[publish]]></wp:status>
		<wp:post_parent>1017</wp:post_parent>
		<wp:menu_order>4</wp:menu_order>
		<wp:post_type><![CDATA[product_variation]]></wp:post_type>
		<wp:post_password><![CDATA[]]></wp:post_password>
		<wp:is_sticky>0</wp:is_sticky>
														<wp:postmeta>
		<wp:meta_key><![CDATA[_variation_description]]></wp:meta_key>
		<wp:meta_value><![CDATA[]]></wp:meta_value>
		</wp:postmeta>
							<wp:postmeta>
		<wp:meta_key><![CDATA[total_sales]]></wp:meta_key>
		<wp:meta_value><![CDATA[0]]></wp:meta_value>
		</wp:postmeta>
							<wp:postmeta>
		<wp:meta_key><![CDATA[_tax_status]]></wp:meta_key>
		<wp:meta_value><![CDATA[taxable]]></wp:meta_value>
		</wp:postmeta>
							<wp:postmeta>
		<wp:meta_key><![CDATA[_tax_class]]></wp:meta_key>
		<wp:meta_value><![CDATA[parent]]></wp:meta_value>
		</wp:postmeta>
							<wp:postmeta>
		<wp:meta_key><![CDATA[_manage_stock]]></wp:meta_key>
		<wp:meta_value><![CDATA[no]]></wp:meta_value>
		</wp:postmeta>
							<wp:postmeta>
		<wp:meta_key><![CDATA[_backorders]]></wp:meta_key>
		<wp:meta_value><![CDATA[no]]></wp:meta_value>
		</wp:postmeta>
							<wp:postmeta>
		<wp:meta_key><![CDATA[_sold_individually]]></wp:meta_key>
		<wp:meta_value><![CDATA[no]]></wp:meta_value>
		</wp:postmeta>
							<wp:postmeta>
		<wp:meta_key><![CDATA[_virtual]]></wp:meta_key>
		<wp:meta_value><![CDATA[no]]></wp:meta_value>
		</wp:postmeta>
							<wp:postmeta>
		<wp:meta_key><![CDATA[_downloadable]]></wp:meta_key>
		<wp:meta_value><![CDATA[no]]></wp:meta_value>
		</wp:postmeta>
							<wp:postmeta>
		<wp:meta_key><![CDATA[_download_limit]]></wp:meta_key>
		<wp:meta_value><![CDATA[-1]]></wp:meta_value>
		</wp:postmeta>
							<wp:postmeta>
		<wp:meta_key><![CDATA[_download_expiry]]></wp:meta_key>
		<wp:meta_value><![CDATA[-1]]></wp:meta_value>
		</wp:postmeta>
							<wp:postmeta>
		<wp:meta_key><![CDATA[_stock]]></wp:meta_key>
		<wp:meta_value><![CDATA[0]]></wp:meta_value>
		</wp:postmeta>
							<wp:postmeta>
		<wp:meta_key><![CDATA[_stock_status]]></wp:meta_key>
		<wp:meta_value><![CDATA[instock]]></wp:meta_value>
		</wp:postmeta>
							<wp:postmeta>
		<wp:meta_key><![CDATA[_wc_average_rating]]></wp:meta_key>
		<wp:meta_value><![CDATA[0]]></wp:meta_value>
		</wp:postmeta>
							<wp:postmeta>
		<wp:meta_key><![CDATA[_wc_review_count]]></wp:meta_key>
		<wp:meta_value><![CDATA[0]]></wp:meta_value>
		</wp:postmeta>
							<wp:postmeta>
		<wp:meta_key><![CDATA[attribute_pa_color]]></wp:meta_key>
		<wp:meta_value><![CDATA[white]]></wp:meta_value>
		</wp:postmeta>
							<wp:postmeta>
		<wp:meta_key><![CDATA[attribute_pa_size]]></wp:meta_key>
		<wp:meta_value><![CDATA[]]></wp:meta_value>
		</wp:postmeta>
							<wp:postmeta>
		<wp:meta_key><![CDATA[_product_version]]></wp:meta_key>
		<wp:meta_value><![CDATA[5.2.0]]></wp:meta_value>
		</wp:postmeta>
							<wp:postmeta>
		<wp:meta_key><![CDATA[_regular_price]]></wp:meta_key>
		<wp:meta_value><![CDATA[60]]></wp:meta_value>
		</wp:postmeta>
							<wp:postmeta>
		<wp:meta_key><![CDATA[_sale_price]]></wp:meta_key>
		<wp:meta_value><![CDATA[45]]></wp:meta_value>
		</wp:postmeta>
							<wp:postmeta>
		<wp:meta_key><![CDATA[_sale_price_dates_from]]></wp:meta_key>
		<wp:meta_value><![CDATA[1618531200]]></wp:meta_value>
		</wp:postmeta>
							<wp:postmeta>
		<wp:meta_key><![CDATA[_sale_price_dates_to]]></wp:meta_key>
		<wp:meta_value><![CDATA[1776383999]]></wp:meta_value>
		</wp:postmeta>
							<wp:postmeta>
		<wp:meta_key><![CDATA[_crosssell_ids]]></wp:meta_key>
		<wp:meta_value><![CDATA[a:4:{i:0;i:24;i:1;i:23;i:2;i:21;i:3;i:20;}]]></wp:meta_value>
		</wp:postmeta>
							<wp:postmeta>
		<wp:meta_key><![CDATA[_thumbnail_id]]></wp:meta_key>
		<wp:meta_value><![CDATA[2788]]></wp:meta_value>
		</wp:postmeta>
							<wp:postmeta>
		<wp:meta_key><![CDATA[_price]]></wp:meta_key>
		<wp:meta_value><![CDATA[45]]></wp:meta_value>
		</wp:postmeta>
							<wp:postmeta>
		<wp:meta_key><![CDATA[rt_images]]></wp:meta_key>
		<wp:meta_value><![CDATA[a:3:{i:0;s:4:"2789";i:1;s:4:"2790";i:2;s:4:"2791";}]]></wp:meta_value>
		</wp:postmeta>
							</item>
				</channel>
</rss>
	